id,seek_hlp,cooperat,imp_cntr,repeats,separate,new_activ,folw_rul,name,writes,express,quantity,colors,shapes
516222,1,1,1,1,1,1,1,1,1,1,1,1,1
517413,1,1,1,1,1,1,1,1,0,1,1,1,1
517414,0,0,1,1,1,0,1,1,0,0,1,0,1
517424,0,1,0,0,1,1,0,1,0,0,1,0,0
517430,0,0,0,1,1,1,0,1,0,0,1,0,0
517431,1,0,1,0,1,1,1,1,0,0,0,0,0
517432,0,0,0,0,1,0,0,1,0,0,0,0,0
517434,1,0,1,1,1,1,1,1,0,0,0,1,0
517435,0,0,0,0,1,0,0,1,0,0,0,0,0
517437,1,0,0,0,1,1,1,1,0,0,0,0,0
517439,0,0,0,0,1,1,0,1,0,0,0,0,1
517442,0,0,0,0,1,1,0,1,0,0,0,0,0
517444,1,0,1,1,1,0,0,1,0,0,1,1,1
517445,0,0,1,0,1,1,0,1,0,0,0,0,0
517447,0,1,0,0,1,0,1,1,0,0,1,1,1
517448,1,1,1,1,1,1,1,1,0,0,0,0,0
517449,1,1,0,1,1,1,0,1,0,0,1,1,0
517450,0,0,0,0,0,0,0,0,0,0,1,1,1
517452,1,1,1,1,1,1,1,1,0,0,1,1,0
517453,1,1,1,1,1,1,1,1,0,0,0,0,0
517454,1,1,1,1,1,1,1,1,0,1,1,0,1
517456,0,0,0,1,1,1,0,1,1,0,1,1,0
517457,1,1,0,0,1,0,0,1,0,1,1,0,1
517458,0,0,0,0,0,0,0,0,0,0,0,0,0
517459,1,1,1,1,1,0,1,1,0,1,0,0,0
517460,1,1,1,0,1,1,0,1,0,0,0,0,1
517462,0,1,1,1,1,1,1,1,0,0,0,0,0
517463,1,1,1,1,1,1,1,1,0,0,1,1,1
517464,0,0,0,0,1,0,0,0,0,0,0,0,0
517465,0,0,1,1,0,0,1,1,0,0,0,0,1
517466,1,0,1,1,1,0,1,1,0,0,1,0,0
517467,0,0,0,0,0,0,0,0,0,0,0,0,1
517468,0,0,0,0,1,1,0,0,0,0,1,0,0
517469,0,0,0,0,0,0,0,0,0,0,0,0,0
517471,0,0,0,0,0,0,0,0,0,0,0,0,0
517472,1,1,1,0,1,1,1,1,0,0,1,1,0
517475,1,1,1,1,1,0,0,1,0,1,1,0,0
517476,0,0,0,0,1,0,0,0,0,0,0,0,0
517477,0,1,1,0,1,0,0,1,0,0,0,0,0
517481,0,0,0,0,1,0,0,0,0,0,0,0,0
517482,0,0,0,0,1,0,1,0,0,0,0,0,0
517485,1,1,1,1,0,1,1,1,1,1,1,1,1
517486,0,0,1,1,1,0,0,1,0,0,0,0,0
517487,0,0,1,1,1,0,1,0,0,0,0,0,0
517488,0,1,0,1,0,0,0,1,0,0,1,0,1
517489,0,0,1,1,1,1,1,0,1,0,1,0,0
517490,0,0,0,0,1,1,0,1,0,0,0,0,0
517491,0,0,1,1,1,1,0,1,1,1,0,0,0
517492,1,1,1,1,1,1,1,1,1,1,1,1,0
517493,1,1,0,1,1,0,0,1,0,0,1,0,1
517494,0,1,1,0,1,0,0,1,0,0,0,0,0
517496,0,0,1,1,0,0,0,1,0,0,0,0,0
517497,0,0,0,0,0,0,0,0,0,0,0,0,1
517498,1,1,1,1,1,0,0,1,0,1,1,0,1
517499,1,0,1,1,1,1,0,1,0,0,0,0,0
517501,1,1,0,1,1,0,1,1,0,1,1,1,1
517503,0,1,1,0,0,0,0,1,0,0,0,0,0
517504,1,1,1,1,1,1,1,1,0,1,1,1,1
517505,1,1,0,0,1,0,0,1,0,1,0,0,1
517506,0,0,1,1,0,0,0,1,1,1,1,0,0
517507,1,1,0,1,1,0,0,1,0,1,1,0,1
517508,1,1,1,1,1,0,1,1,0,0,1,0,0
517509,0,0,0,0,0,0,0,0,0,0,0,0,0
517513,0,1,1,1,1,0,0,1,0,1,0,0,1
517514,0,1,1,1,0,1,1,1,0,0,1,1,1
517515,0,1,0,0,1,0,0,0,0,0,1,0,0
517518,0,0,0,0,1,0,0,0,0,0,0,1,1
517519,0,0,0,0,0,0,0,0,0,1,0,0,1
517520,0,0,0,0,0,0,0,0,0,0,0,0,0
517521,0,1,0,0,1,0,0,0,0,1,0,0,0
517522,1,1,1,1,1,1,1,0,0,1,1,1,0
517523,1,1,1,1,1,1,1,0,0,0,0,0,0
517524,0,0,0,0,0,0,0,0,0,0,0,0,0
517525,0,0,0,0,0,0,0,0,0,1,0,1,0
517526,0,0,1,1,1,0,0,0,0,0,0,0,0
517527,0,0,1,0,1,0,0,0,0,0,0,1,0
517528,1,1,1,1,0,0,1,1,1,0,1,0,0
517529,0,0,0,0,1,0,0,0,0,0,0,0,0
517531,1,1,0,1,1,0,1,0,0,1,1,1,0
517532,0,0,0,0,1,0,0,0,0,0,0,0,0
517533,0,1,1,0,1,0,1,0,0,1,0,0,0
517534,0,1,0,0,1,0,0,0,0,1,0,1,0
517535,0,0,1,1,1,0,1,0,0,1,0,0,0
517536,0,1,0,1,1,0,0,0,0,0,0,0,0
517537,0,0,0,0,0,0,0,0,0,0,0,0,0
517538,0,0,1,0,1,0,0,0,0,0,0,0,0
517540,0,0,1,0,1,0,0,0,0,0,0,1,1
517541,0,0,1,1,1,0,0,1,0,0,0,0,0
517542,0,0,1,1,1,1,1,1,0,0,0,1,0
517543,0,0,1,1,1,1,0,0,0,0,0,0,1
517546,1,1,1,1,1,1,1,1,0,0,0,1,0
517548,0,0,0,0,1,0,0,0,0,0,0,0,0
517549,0,0,0,0,1,0,0,0,0,0,0,0,0
517552,0,0,0,0,1,0,0,0,0,0,0,0,0
517553,0,1,1,0,1,0,1,1,1,0,0,0,0
517554,0,1,1,1,1,1,0,1,0,1,1,0,0
517555,0,1,1,1,1,0,1,1,0,1,1,1,1
517556,1,1,1,1,1,0,1,1,1,1,1,1,1
517557,0,0,1,1,1,1,0,1,0,1,1,1,1
517561,0,1,1,1,1,0,0,0,0,0,1,0,0
517564,0,1,0,0,1,0,0,0,0,0,0,1,1
517565,0,0,1,1,1,0,0,0,0,0,1,0,0
517568,0,0,0,0,1,0,0,0,0,0,0,1,1
517569,0,0,0,0,1,0,0,0,0,0,0,0,0
517570,0,0,1,1,1,1,0,0,0,0,0,1,1
517571,0,0,0,0,0,0,0,0,0,0,0,0,1
517572,0,1,1,1,1,0,1,1,0,0,0,1,1
517575,0,1,0,1,1,0,0,1,0,1,0,1,0
517576,0,1,1,1,1,0,1,1,0,0,0,0,0
517577,0,0,0,1,1,0,0,1,1,0,1,0,0
517581,0,1,1,1,1,0,0,1,0,0,0,0,0
517582,0,1,0,1,0,0,0,1,0,1,0,0,0
517583,1,1,0,1,1,0,0,1,0,1,1,0,0
517585,0,0,1,0,1,0,0,1,0,0,1,1,0
517586,0,1,1,1,1,0,0,1,0,1,1,0,0
517587,0,0,1,1,1,0,0,1,1,1,0,0,0
517588,1,1,0,1,1,1,0,0,0,1,1,1,1
517589,1,1,1,1,1,0,0,1,0,1,0,0,1
517590,0,0,0,1,0,0,0,0,0,1,0,0,1
517618,0,0,0,1,1,0,0,1,1,0,0,0,1
517619,0,1,1,0,0,0,0,1,1,0,0,0,0
517622,0,1,1,1,1,0,0,1,1,1,1,1,1
517624,0,1,0,0,1,0,0,1,0,1,0,1,1
517625,0,0,0,0,1,0,1,1,0,0,0,0,0
517629,0,1,1,1,1,0,0,1,0,1,1,1,1
517630,0,0,0,0,1,0,0,1,0,0,0,1,1
517631,0,0,1,1,1,0,0,1,1,0,1,1,1
517640,0,1,0,0,1,0,0,0,1,0,0,0,0
517642,0,1,1,1,1,0,0,1,1,1,1,1,1
517644,1,1,1,1,1,1,1,1,1,1,1,1,1
517646,0,1,0,0,1,0,0,0,0,0,0,0,0
517648,0,0,0,0,1,0,0,0,0,0,0,0,0
517650,0,0,0,0,1,0,0,0,0,0,1,0,0
517656,0,0,1,1,1,1,1,0,1,0,0,0,1
517657,1,1,1,1,1,1,1,1,1,1,1,1,1
517667,0,0,1,0,1,1,0,0,0,0,0,0,0
517668,0,0,1,0,1,0,0,0,0,0,0,0,0
517669,1,1,1,1,1,1,1,1,1,1,0,1,1
517670,0,0,0,0,1,0,0,0,0,0,0,0,0
517671,0,0,0,0,1,0,0,0,0,0,0,0,0
517674,1,1,1,0,1,1,1,1,1,1,1,1,1
517676,1,1,0,1,1,1,0,1,1,1,0,1,1
517677,0,0,1,1,1,1,1,1,1,0,0,0,0
517679,1,1,1,1,1,1,1,0,1,1,0,0,0
517681,1,1,1,1,1,1,1,1,1,1,1,0,0
517682,0,0,1,0,1,0,1,1,1,0,0,0,0
517685,1,1,1,1,1,1,1,1,1,0,0,0,0
517688,0,0,0,0,0,0,0,0,0,0,0,0,0
517691,0,0,1,1,1,0,1,0,0,0,0,0,0
517694,0,1,0,0,1,0,1,1,1,1,1,1,1
517695,0,0,1,1,0,1,1,1,1,1,1,1,0
517696,0,0,0,0,1,0,0,1,0,0,0,0,1
517702,0,0,0,0,1,0,0,0,0,0,0,0,1
517703,0,0,0,0,0,0,0,0,0,0,0,0,0
517706,0,0,0,0,0,0,0,0,0,0,0,0,0
517718,0,0,0,0,1,0,0,1,0,0,0,0,0
517721,0,0,0,0,0,0,0,1,0,0,0,0,0
517723,1,1,1,0,1,0,1,1,0,0,0,0,0
517724,0,1,1,0,0,0,0,1,0,1,0,0,0
517726,0,0,0,1,1,0,0,1,1,0,1,0,0
517728,0,1,1,0,1,0,1,1,0,1,0,0,0
517729,0,1,1,1,1,0,0,1,1,0,1,1,0
517732,0,0,0,0,1,0,0,0,0,0,0,0,1
517738,0,1,0,0,1,0,0,1,0,0,0,0,1
517749,1,1,0,0,0,1,0,1,0,1,1,1,1
517750,1,1,0,0,1,1,1,1,0,0,1,1,1
517751,0,0,0,0,0,0,0,1,0,0,0,0,1
517752,0,0,0,0,1,0,0,1,0,0,1,0,0
517753,1,1,1,0,1,0,1,1,0,1,1,1,1
517754,0,0,0,0,1,0,0,1,0,0,1,1,1
517755,0,1,1,0,1,0,1,1,0,0,0,0,0
517756,0,1,0,0,1,1,1,1,0,0,1,0,1
517757,0,1,0,0,1,0,1,1,0,0,0,0,1
517758,1,0,1,1,1,1,1,1,0,1,1,1,1
517760,0,0,0,0,1,0,0,1,0,1,0,0,1
517761,0,0,1,1,1,1,0,1,1,1,1,1,1
517763,0,0,0,0,1,0,0,1,0,0,0,0,1
517764,0,1,0,0,1,0,1,1,0,1,1,1,1
517767,1,0,1,1,1,0,1,1,0,0,0,0,1
517768,1,1,1,0,1,1,1,1,0,1,1,0,1
517770,1,1,0,0,1,1,0,1,0,1,1,1,1
517771,1,1,1,1,1,1,1,1,0,1,0,0,0
517773,0,0,1,1,1,0,1,1,0,0,0,0,0
517774,0,0,0,0,1,0,1,0,0,0,0,0,0
517775,0,0,0,0,1,0,0,1,0,0,0,0,0
517776,0,0,0,0,1,0,0,0,0,0,0,0,0
517778,0,0,0,0,1,0,0,0,0,0,0,0,0
517780,0,0,0,0,1,1,0,0,0,0,0,0,1
517782,1,1,1,1,1,1,1,1,1,1,1,0,1
517785,0,0,0,0,1,0,1,0,0,0,0,0,0
517786,0,0,0,0,1,0,1,1,0,0,0,0,0
517788,0,0,0,0,0,0,0,0,0,0,0,0,0
517789,1,1,1,1,1,1,1,1,1,1,1,1,1
517790,0,0,0,0,1,1,0,0,0,0,0,0,0
517792,1,0,0,1,1,1,1,0,1,1,0,1,0
517795,1,0,0,0,1,1,0,0,0,0,1,1,1
517796,0,0,1,1,1,1,1,0,0,0,0,0,0
517797,0,0,1,1,1,1,0,1,1,1,1,0,1
517798,0,0,0,0,1,0,0,0,0,0,0,0,0
517799,0,0,0,0,1,0,0,1,0,0,0,1,1
517801,0,0,0,0,1,0,0,0,0,0,0,0,0
517804,1,1,1,1,1,1,1,1,1,1,1,0,1
517805,0,0,0,0,0,0,0,0,0,0,0,0,1
517806,1,1,1,1,1,1,1,1,1,1,1,1,0
517807,1,0,0,0,0,0,0,0,0,1,0,0,0
517810,0,1,0,0,1,0,0,1,1,1,0,0,0
517814,1,1,0,1,1,1,0,1,0,0,0,0,0
517823,1,1,1,1,1,1,1,0,0,1,0,0,0
517825,0,1,1,0,1,0,0,0,0,0,0,0,0
517826,0,0,0,0,1,0,0,0,0,0,0,0,1
517834,0,1,0,0,1,0,0,1,1,1,0,0,0
517835,0,0,0,0,0,0,0,0,0,0,0,0,0
517836,0,0,0,0,0,0,0,0,0,0,0,0,0
517837,0,0,0,0,0,0,0,0,0,0,0,0,0
517838,0,0,1,0,1,0,1,1,0,0,0,0,0
517839,1,1,1,1,1,1,1,0,0,0,0,0,0
517842,1,0,0,1,0,0,0,0,0,0,0,0,0
517845,1,1,1,0,1,1,1,0,0,1,0,0,0
517848,0,0,0,0,0,0,0,0,0,0,0,0,0
517849,0,1,1,1,1,1,1,1,1,1,1,0,0
517850,0,0,0,0,0,0,0,1,0,0,0,0,0
517852,1,1,1,1,1,1,1,0,0,1,0,0,0
517855,0,1,1,1,1,0,1,1,1,0,0,0,1
517857,0,1,1,1,1,0,1,1,1,1,1,1,0
517859,0,1,1,1,1,0,0,1,0,0,0,0,0
517861,0,1,1,1,1,0,0,1,0,0,1,0,0
517862,0,1,1,1,1,0,0,1,0,0,1,0,1
517863,0,1,1,1,1,0,0,1,0,0,0,0,0
517864,0,1,0,1,1,0,0,1,1,1,1,0,0
517866,0,0,1,1,1,0,0,0,0,0,0,0,0
517868,0,0,0,0,0,0,0,1,0,0,0,1,0
517872,0,1,1,1,1,0,1,1,0,1,1,1,0
517934,0,0,0,0,1,0,0,1,0,0,0,0,0
517936,0,1,1,1,1,0,1,1,1,1,1,1,1
517938,0,0,1,1,0,0,1,0,0,0,0,1,0
518019,0,1,0,1,1,0,0,1,0,1,1,1,1
518021,0,0,1,1,1,0,0,1,1,0,0,1,1
518027,0,1,1,1,1,1,1,1,0,1,1,0,1
518032,0,0,0,0,1,0,0,0,0,0,0,0,0
518035,1,1,0,0,1,0,0,1,0,1,0,1,1
518036,0,1,0,0,1,0,0,0,0,0,0,1,1
518078,0,0,0,0,0,0,1,1,0,1,1,0,1
518080,0,1,0,1,1,1,1,1,0,0,1,0,0
518088,1,0,0,0,1,0,0,1,0,1,1,0,0
518092,1,1,1,0,1,1,1,1,0,1,0,0,1
518093,0,0,0,0,1,1,0,1,0,1,1,0,0
518094,0,1,1,0,1,0,1,1,0,0,1,0,1
518115,0,0,0,0,1,0,1,1,0,0,1,1,0
518117,1,1,0,0,0,1,0,1,0,1,1,1,0
518118,1,1,1,0,1,1,1,1,0,1,1,0,1
518135,0,0,0,0,1,0,1,1,0,0,0,0,0
518138,1,1,0,0,1,1,0,0,0,1,0,0,0
518139,1,1,0,0,1,1,0,1,0,0,0,0,1
518140,0,0,1,1,1,0,1,1,0,0,0,0,0
518141,0,0,1,1,1,0,1,1,0,0,0,0,0
518142,1,1,1,1,1,1,1,1,0,0,0,0,1
518143,1,1,1,1,1,1,1,1,1,1,1,1,1
518147,1,1,0,1,1,1,0,1,0,1,1,1,1
518149,1,1,1,1,1,0,0,1,0,0,0,0,1
518152,1,1,1,0,1,0,1,1,0,0,0,0,0
518154,0,1,0,0,1,0,0,1,0,0,0,0,0
518159,1,1,1,1,1,1,1,1,1,1,1,1,1
518161,1,1,1,0,1,0,1,1,0,1,0,0,1
518162,0,0,1,0,1,0,1,1,0,0,0,0,0
518163,0,1,1,1,1,0,1,1,0,0,0,0,1
518164,1,1,0,0,1,1,0,1,0,1,0,1,1
518165,1,1,1,1,1,1,1,1,0,1,1,1,1
518166,1,1,1,1,1,1,1,1,0,1,1,1,0
518178,0,0,1,1,1,0,0,1,1,1,1,0,0
518179,0,0,0,0,1,0,0,0,0,0,0,0,0
518195,0,0,0,0,0,0,0,0,0,0,0,1,0
518196,0,0,0,0,1,0,1,1,1,1,1,0,1
518198,0,0,0,0,1,0,0,0,0,0,0,0,1
518199,0,0,0,0,1,1,0,0,0,0,0,0,1
518200,0,0,1,1,1,0,0,1,0,0,0,0,1
518201,0,1,0,0,1,1,0,0,0,1,0,0,1
518203,0,1,1,0,1,1,0,1,0,0,0,0,0
518249,0,0,0,1,1,0,0,0,0,0,0,0,1
518264,1,1,0,1,1,1,1,1,0,1,1,0,0
518309,0,0,0,0,1,0,0,0,0,0,0,0,0
518313,0,0,0,1,1,1,1,0,0,0,0,0,0
518320,0,1,0,0,0,0,0,1,0,0,0,1,0
518331,1,1,1,1,1,1,1,1,1,1,1,1,1
518342,0,1,0,0,1,1,0,0,0,0,1,1,0
518343,0,0,0,1,1,0,0,1,0,0,0,0,0
518360,0,0,0,0,0,0,0,0,0,0,0,0,0
518375,0,0,0,0,1,0,0,1,0,1,0,0,0
518407,0,0,0,0,1,0,1,0,0,0,0,0,0
518412,0,1,0,1,1,0,0,0,1,0,0,0,0
518431,0,0,1,1,1,0,0,1,1,0,0,1,1
518586,0,0,0,0,1,0,1,0,0,0,0,0,0
518590,0,0,0,1,1,1,0,1,0,0,0,0,0
518610,0,0,1,1,1,0,0,1,1,0,1,0,0
518637,0,0,0,0,0,0,0,0,0,0,0,0,0
518660,0,1,0,0,1,0,0,0,0,0,0,0,0
518682,0,0,1,0,0,0,0,0,0,0,0,0,0
518689,0,0,0,0,1,0,0,0,0,0,0,0,0
518690,0,0,0,0,1,0,0,0,0,0,0,0,0
518696,0,1,1,1,1,1,1,1,0,0,0,0,0
518697,1,1,1,1,1,1,1,1,0,1,1,0,0
518698,0,0,0,0,0,0,1,0,0,0,0,0,0
518699,0,0,0,0,1,0,0,0,0,0,0,0,1
518700,1,1,0,1,1,0,0,0,0,0,0,0,0
518701,1,1,1,1,1,1,1,1,0,1,1,1,1
518703,0,1,0,1,1,1,0,1,1,1,1,0,1
518704,1,1,1,1,1,1,1,1,0,0,0,1,0
518706,0,0,0,0,1,0,0,0,0,0,0,0,1
518708,1,0,0,0,1,0,0,1,0,0,0,0,0
518709,0,1,1,1,1,1,1,1,1,1,1,0,0
518710,0,0,0,0,0,0,0,0,0,0,0,0,0
518711,1,0,0,1,1,1,1,1,0,0,1,0,1
518712,0,0,1,1,1,0,1,1,0,0,0,0,1
518713,1,1,1,1,1,1,1,1,0,0,1,0,1
518714,1,1,1,0,0,0,0,1,0,0,0,0,1
518715,1,1,1,1,1,1,1,1,0,1,1,0,0
518716,0,1,0,0,1,1,0,1,0,0,0,0,0
518717,1,1,0,1,1,1,1,1,0,1,1,1,1
518719,0,0,0,0,1,1,0,1,0,0,0,0,0
518720,1,1,1,0,1,1,0,1,0,1,1,1,0
518721,0,0,0,0,1,0,0,0,0,0,0,0,1
518722,0,1,0,1,0,0,1,0,0,0,0,0,0
518723,0,0,0,0,0,0,0,0,0,0,0,0,0
518725,0,0,0,0,1,0,0,0,0,0,0,0,0
518726,1,0,0,1,1,1,0,1,0,1,1,0,0
518727,0,1,0,1,1,1,0,1,1,1,0,0,1
518728,0,0,1,1,1,0,1,1,0,0,0,0,0
518729,0,0,0,0,0,0,0,0,0,0,0,0,0
518730,0,0,1,0,0,0,0,1,0,0,1,0,1
518733,0,1,1,1,1,1,1,1,1,1,0,1,0
518734,1,1,1,1,1,1,0,1,0,1,1,0,0
518735,0,1,0,0,1,0,0,0,0,0,0,0,0
518737,0,0,0,0,1,0,0,0,0,0,0,0,0
518738,0,1,1,1,1,1,0,1,0,0,0,0,0
518739,0,0,0,0,1,0,0,0,0,0,0,0,1
518740,0,0,1,1,1,1,1,1,0,0,0,0,0
518741,0,0,0,1,1,0,1,0,0,0,1,1,0
518743,1,1,1,1,1,1,1,1,1,0,0,0,1
518744,0,0,0,0,0,0,0,1,0,0,0,1,0
518745,0,0,0,0,1,0,0,0,0,0,0,0,0
518746,0,0,0,0,1,0,0,0,0,0,0,0,1
518747,0,1,1,0,1,1,1,1,1,1,1,1,1
518748,0,1,1,1,1,1,1,1,0,0,0,0,0
518749,0,0,0,0,0,0,0,0,0,0,0,0,0
518750,0,0,1,1,1,1,1,1,0,0,0,0,1
518751,0,0,0,0,1,0,0,0,0,0,0,0,0
518752,0,0,1,1,1,0,0,0,0,0,0,1,1
518753,1,1,1,1,1,0,1,1,0,1,1,1,0
518754,0,0,1,1,1,0,0,0,0,0,0,0,0
518755,0,0,0,1,1,0,0,0,0,0,0,0,0
518756,1,0,0,0,1,0,0,1,1,1,1,1,1
518757,0,0,0,0,0,0,0,0,0,0,0,0,0
518758,1,1,1,1,1,1,1,1,0,0,0,0,0
518759,0,0,0,0,1,0,0,1,0,0,0,0,0
518760,1,1,1,1,1,1,1,1,0,0,0,1,0
518762,0,0,0,1,1,0,0,0,0,0,0,0,0
518763,0,0,0,0,0,0,0,0,1,0,0,0,1
518764,0,0,0,0,1,0,0,0,0,0,0,0,0
518765,0,0,1,0,1,0,0,1,0,0,0,0,0
518768,0,0,1,1,1,1,1,1,0,0,0,1,0
518769,0,0,0,0,0,0,0,1,0,0,0,1,0
518770,0,0,1,1,1,1,1,1,1,0,0,0,0
518771,1,1,1,1,1,1,1,1,1,1,1,1,1
518772,1,1,1,1,1,0,1,1,0,0,0,1,0
518773,1,1,0,1,1,1,0,1,1,1,1,0,1
518774,0,0,0,0,1,0,0,0,0,0,0,0,0
518775,1,1,0,1,1,1,1,1,0,0,0,0,0
518776,0,0,0,1,0,0,0,0,0,0,0,0,0
518777,0,0,0,0,1,0,0,0,0,0,0,0,0
518778,0,0,0,0,0,0,0,0,0,0,0,0,0
518779,0,0,0,0,0,0,0,0,0,0,0,0,0
518780,0,0,0,0,0,0,0,0,0,0,0,0,1
518781,0,0,1,0,0,0,0,1,0,0,0,0,0
518782,1,0,1,1,1,0,1,0,0,0,0,1,0
518783,1,1,0,0,1,0,0,1,0,0,1,0,0
518784,1,1,1,1,1,1,1,1,1,1,1,1,1
518785,0,0,0,0,0,0,0,0,0,0,0,0,0
518786,0,0,0,0,1,0,0,1,0,0,0,0,0
518787,0,0,0,0,1,1,0,1,0,0,0,0,1
518789,0,1,1,0,1,0,1,1,0,1,0,0,1
518790,1,0,1,1,0,0,1,0,0,0,1,1,1
518792,0,0,0,0,0,0,0,0,0,0,0,0,1
518795,1,1,1,1,1,1,1,1,1,1,1,1,0
518796,1,1,0,1,1,0,1,1,0,1,1,1,1
518797,1,1,1,1,1,1,1,1,1,1,1,1,1
518798,0,0,0,0,0,0,0,0,0,0,0,0,0
518799,1,0,0,0,1,0,0,1,0,0,0,0,0
518800,1,0,0,0,1,0,0,1,1,1,1,1,1
518801,0,0,0,0,0,0,0,0,0,0,0,0,0
518802,1,1,1,1,1,1,1,1,1,0,0,0,0
518803,0,0,0,0,0,0,0,0,1,0,0,1,1
518807,0,0,0,0,0,0,0,0,0,0,0,0,0
518808,0,0,1,1,1,0,1,1,0,0,0,0,0
518809,1,1,0,1,1,0,0,0,0,1,0,1,1
518810,1,1,1,1,0,1,1,1,1,1,1,0,1
518812,1,1,1,1,1,1,1,1,1,1,1,1,1
518813,0,0,0,0,0,0,0,0,0,0,0,0,0
518814,0,0,0,0,1,0,0,0,0,0,0,0,0
518815,1,1,1,1,1,1,1,1,0,0,0,1,1
518818,0,1,0,0,1,0,1,0,0,0,0,0,0
518820,0,0,0,0,0,0,0,0,0,0,0,0,0
518821,0,0,0,0,0,0,0,0,0,0,0,0,0
518823,1,1,1,1,1,1,1,0,0,1,0,0,0
518824,1,1,0,1,1,1,0,1,0,0,0,0,0
518825,0,0,0,0,0,0,0,1,0,0,0,0,0
518826,0,1,0,0,1,0,0,1,0,1,1,0,0
518828,1,1,0,1,1,1,0,1,0,1,1,0,0
518829,0,0,0,0,0,0,0,0,0,0,0,1,1
518830,0,0,0,0,1,0,0,0,0,0,0,0,0
518831,1,1,1,1,1,1,1,1,1,1,1,0,0
518832,0,0,1,1,1,1,1,1,1,0,0,0,0
518833,0,0,0,0,0,0,0,0,0,0,0,0,0
518834,1,0,1,1,1,0,1,0,0,0,1,0,0
518835,0,0,1,1,1,0,0,0,0,0,0,0,0
518836,0,0,1,1,1,1,0,1,0,0,1,0,0
518837,1,1,1,1,1,1,1,1,0,1,1,1,0
518838,1,1,0,0,1,0,0,0,0,0,0,0,0
518839,0,0,1,0,1,0,0,1,1,0,0,0,0
518840,0,0,1,1,1,0,0,0,0,0,0,0,0
518841,0,0,0,0,0,0,0,0,0,0,0,0,0
518843,0,0,0,0,1,0,0,0,0,0,0,1,1
518844,0,0,0,0,0,0,0,0,0,0,0,0,0
518845,0,0,0,0,1,0,0,0,0,0,0,0,0
518846,0,0,0,0,0,0,0,0,0,0,0,0,0
518847,0,0,1,0,1,1,1,1,0,1,1,0,0
518848,0,0,0,1,1,0,1,0,0,0,0,0,0
518849,0,0,1,1,1,0,1,1,1,0,0,0,0
518850,1,1,1,1,1,1,1,1,1,1,1,1,1
518851,1,1,1,1,1,1,1,1,0,1,1,1,0
518853,0,0,0,1,1,1,0,0,0,0,0,0,0
518855,1,1,1,1,1,1,1,1,1,1,0,1,1
518856,0,1,0,1,1,1,1,1,0,1,0,1,1
518857,0,0,0,0,1,0,0,0,0,0,0,0,1
518858,0,0,0,0,1,0,0,0,0,0,0,0,0
518859,1,1,1,1,1,1,1,1,1,1,1,1,1
518860,0,0,0,1,1,0,0,0,0,0,0,0,1
518861,1,1,0,1,0,1,1,0,0,1,0,1,0
518862,0,0,1,0,0,0,1,1,0,0,0,0,0
518863,0,1,1,1,1,1,1,1,0,0,0,0,0
518864,0,0,1,1,1,0,0,0,0,0,0,1,1
518865,1,1,0,1,1,1,0,1,0,1,1,1,0
518866,0,0,0,0,0,0,0,0,0,0,0,0,1
518867,0,0,0,0,1,0,0,0,0,0,0,0,0
518868,1,0,1,1,1,1,1,1,0,0,0,0,0
518869,1,1,1,1,1,1,1,1,0,1,1,0,1
518870,0,1,1,0,1,1,1,1,0,0,0,0,0
518871,0,1,1,1,1,1,1,1,0,1,1,0,0
518872,0,1,0,1,0,0,0,0,0,0,0,0,0
518873,1,0,0,0,1,1,1,1,0,0,1,1,1
518874,0,0,0,0,1,0,0,0,0,0,0,0,0
518875,0,0,1,1,1,1,0,1,1,0,0,1,0
518876,0,1,0,0,1,1,1,0,0,0,0,0,0
518877,0,1,0,1,1,1,1,0,0,1,0,0,0
518878,1,0,0,0,0,1,0,1,0,0,1,0,0
518879,1,0,0,0,1,0,0,1,0,1,1,1,0
518880,1,1,1,1,1,1,1,1,1,1,1,1,1
518881,1,1,0,0,1,1,0,1,0,0,0,0,0
518882,0,0,0,0,0,0,0,0,0,0,0,1,1
518883,0,1,1,1,1,1,0,1,0,0,0,0,0
518884,0,0,1,0,1,0,0,0,0,0,0,0,0
518885,0,0,0,0,1,0,0,0,0,0,1,0,0
518886,0,0,0,0,0,0,0,0,0,0,0,1,0
518887,0,0,0,0,1,0,0,0,0,0,0,0,0
518888,1,0,1,0,1,0,0,0,0,0,0,0,0
518889,1,1,1,1,1,1,1,0,0,1,1,0,0
518890,0,0,0,0,0,0,0,0,0,0,0,0,0
518891,0,0,1,1,1,0,1,1,0,0,1,1,1
518892,0,0,1,1,1,1,1,1,0,0,0,1,0
518893,1,1,0,0,1,0,0,1,0,1,0,0,0
518894,0,1,0,0,1,1,1,0,0,0,0,1,0
518895,1,1,1,1,1,0,1,1,0,0,0,0,0
518896,0,1,1,1,1,1,0,1,0,1,0,0,0
518897,1,1,0,1,1,1,1,1,0,1,0,1,1
518899,0,1,0,0,1,0,0,0,0,0,0,0,0
518900,1,1,0,0,0,1,0,1,1,1,0,0,1
518901,0,1,0,0,1,0,0,0,0,0,0,0,0
518903,0,0,1,0,0,0,0,0,0,0,0,0,1
518904,1,1,1,1,1,1,1,1,1,1,1,1,1
518906,1,0,1,1,1,1,1,1,0,1,1,1,1
518907,0,0,0,0,1,0,0,0,0,0,0,0,0
518908,0,1,1,0,1,1,1,1,1,1,0,0,0
518909,0,0,0,0,0,0,0,0,0,0,0,0,0
518910,1,1,0,1,0,0,0,1,1,0,0,1,1
518911,0,0,1,0,1,0,1,1,0,0,0,0,0
518912,0,0,1,1,1,0,1,0,0,0,0,0,0
518913,0,0,1,1,1,0,0,1,1,0,0,0,0
518915,0,0,0,0,1,0,0,0,0,0,0,0,0
518916,0,0,0,0,1,0,0,0,0,0,0,0,0
518917,0,0,1,0,0,0,1,0,0,0,0,0,0
518918,1,1,0,1,0,1,0,1,0,1,1,0,1
518919,0,0,0,0,1,0,0,0,0,0,0,0,0
518920,0,1,0,1,1,0,0,1,0,0,1,0,0
518921,0,0,0,0,0,0,1,0,0,0,0,0,0
518922,1,1,1,1,1,1,1,1,0,0,1,1,0
518923,1,1,1,1,1,1,1,1,0,1,1,0,0
518924,1,1,1,1,1,1,1,1,1,1,1,1,1
518925,0,0,1,1,1,1,1,0,0,0,0,0,0
518927,0,0,0,0,0,0,0,0,0,0,0,0,0
518928,0,0,0,0,1,0,0,0,0,0,0,0,0
518929,1,1,1,1,1,1,1,1,1,1,1,1,1
518930,0,1,1,1,1,1,0,1,1,1,0,0,0
518931,0,0,0,0,1,1,0,1,1,0,0,0,1
518933,0,0,0,0,1,0,0,0,0,0,0,0,0
518934,0,0,0,0,1,0,0,1,0,0,0,0,0
518935,1,1,1,1,1,0,1,1,0,0,0,0,0
518936,0,0,0,0,0,0,0,0,0,0,0,0,0
518937,0,0,0,0,1,0,0,0,0,0,0,0,0
518938,1,1,1,0,1,1,1,1,0,1,0,0,0
518939,0,0,0,0,0,0,0,0,0,0,0,0,0
518940,1,1,0,0,1,1,0,1,0,0,1,0,1
518941,1,0,0,1,1,1,0,0,0,1,1,1,0
518944,0,0,0,1,1,0,1,0,0,0,0,0,0
518945,1,1,1,1,1,1,1,1,1,1,1,1,0
518946,0,0,0,0,1,0,0,0,0,0,1,1,0
518947,0,1,0,0,0,0,0,1,0,0,0,0,1
518951,1,0,0,1,1,0,1,0,0,0,1,0,0
518952,0,0,0,0,0,0,0,0,0,0,1,0,0
518953,0,0,0,0,0,0,0,0,0,0,0,0,0
518954,0,0,0,0,1,1,1,1,1,1,1,0,1
518955,0,0,0,0,1,1,0,1,1,0,0,0,1
518956,1,0,1,1,1,0,1,1,0,0,0,0,0
518957,0,0,1,0,0,0,1,1,1,0,0,0,0
518958,0,0,0,0,1,0,1,0,0,0,0,1,0
518959,1,1,1,1,1,1,1,1,1,1,1,1,1
518960,1,1,1,1,1,1,1,1,1,1,1,1,1
518961,1,0,0,1,1,1,1,1,0,0,0,0,0
518962,0,0,1,1,1,0,1,0,0,0,0,0,0
518963,1,1,1,1,1,1,1,0,0,0,1,0,0
518964,0,1,1,1,1,1,1,1,0,0,0,0,0
518965,1,1,1,1,1,1,0,1,0,0,1,0,0
518966,0,0,0,0,0,0,0,0,0,0,0,0,0
518967,0,0,0,1,1,1,1,0,0,0,0,0,0
518968,0,0,1,0,0,0,1,0,0,0,0,0,0
518969,0,0,0,0,0,0,0,0,0,0,0,0,1
518970,1,1,1,0,1,1,1,1,1,1,1,1,1
518971,0,0,1,1,1,1,1,1,1,1,1,1,1
518972,0,0,0,0,0,0,0,0,0,0,0,0,0
518973,1,1,0,1,1,1,1,0,0,1,0,0,1
518975,0,1,0,1,1,1,0,1,0,1,1,0,0
518976,1,1,0,1,1,1,1,1,1,1,1,0,0
518977,0,1,0,0,1,0,0,0,0,0,0,0,0
518978,0,0,1,0,0,0,0,0,0,0,0,0,0
518979,0,0,1,1,1,0,0,0,0,0,0,0,0
518980,1,0,1,0,0,1,1,0,0,0,0,0,0
518981,0,0,0,0,0,0,0,0,0,0,0,0,0
518982,0,0,0,0,0,0,1,1,0,0,1,0,1
518983,0,0,0,0,0,1,0,0,1,1,0,0,0
518984,0,0,0,1,1,1,1,0,0,0,0,1,0
518985,1,0,0,0,0,0,0,0,0,0,0,0,0
518986,0,0,0,0,1,0,0,0,0,0,0,1,0
518987,1,0,0,0,1,0,0,0,0,0,0,1,1
518988,1,0,0,1,0,0,0,0,0,0,0,0,1
518989,0,1,0,1,1,1,1,1,0,0,1,0,0
518990,0,0,0,0,1,0,0,0,0,0,0,0,0
518991,1,1,0,0,1,0,0,1,0,0,0,0,0
518992,0,0,0,0,0,0,0,1,1,0,0,1,1
518993,1,1,1,1,1,1,1,1,1,1,1,0,0
518994,0,0,1,1,1,0,1,0,0,0,0,0,0
518995,0,1,0,1,1,1,0,0,0,0,0,0,0
518996,0,0,0,0,1,1,0,1,0,1,1,1,0
518997,1,0,1,1,1,1,0,1,1,0,0,1,0
518998,0,1,1,0,1,0,0,0,0,0,0,0,0
518999,0,0,0,0,1,1,0,0,0,0,0,0,0
519000,0,0,0,0,1,0,0,0,0,0,0,0,0
519001,1,0,0,0,1,1,0,0,0,0,0,0,0
519002,1,1,1,1,0,1,1,1,1,1,0,1,1
519003,1,1,1,1,1,1,1,1,0,0,1,0,0
519005,0,0,0,0,0,0,0,0,0,0,1,0,0
519006,0,0,1,1,0,1,1,1,1,0,0,0,1
519007,0,0,0,0,1,0,1,0,0,0,0,0,0
519008,1,0,0,1,0,0,0,1,0,1,0,1,0
519009,1,0,1,1,1,0,1,1,0,0,0,0,0
519010,1,0,1,0,1,1,1,1,0,1,1,0,0
519011,1,1,1,1,1,0,0,1,0,0,1,0,0
519012,0,1,0,0,1,0,0,1,0,0,1,0,0
519013,1,0,0,0,1,1,0,0,0,0,0,1,1
519014,0,0,0,0,1,0,0,1,0,1,0,0,0
519015,1,1,1,1,1,1,1,1,0,1,1,0,0
519016,0,0,0,0,0,0,0,0,0,0,0,0,0
519017,0,0,0,0,1,0,0,1,0,1,0,0,0
519018,1,1,1,1,1,1,1,1,0,1,0,0,0
519019,0,1,0,0,1,1,0,1,0,0,0,0,0
519020,0,0,0,0,1,0,0,0,0,0,0,0,0
519021,0,1,1,0,1,0,0,1,0,0,0,0,0
519022,0,0,0,1,0,0,0,0,0,0,0,0,0
519023,0,0,0,0,0,0,0,0,0,0,0,0,0
519024,1,1,0,0,1,1,0,1,0,1,1,0,0
519025,0,0,0,0,0,0,0,0,0,0,0,0,0
519026,1,1,1,1,1,1,1,1,1,1,1,1,1
519027,1,0,0,0,0,1,0,0,0,0,0,0,0
519028,1,1,1,1,1,1,1,1,0,1,1,1,0
519029,0,0,0,0,1,1,1,0,0,0,0,0,0
519030,0,0,0,0,1,0,0,1,0,0,0,0,0
519031,0,0,0,0,1,0,0,1,0,0,0,1,1
519032,1,1,1,1,1,1,1,1,0,1,1,1,1
519033,0,0,0,0,1,1,0,0,0,0,0,0,0
519034,0,0,1,1,1,0,0,1,0,0,1,0,0
519035,0,0,0,0,0,1,0,1,0,0,0,0,0
519036,0,0,0,0,0,0,0,0,0,0,0,0,0
519037,0,1,0,1,1,1,0,1,1,1,1,1,1
519038,0,1,1,0,1,1,0,1,0,0,0,0,0
519040,1,0,0,0,1,0,0,0,0,1,0,0,1
519041,1,0,0,1,1,1,0,1,0,1,1,0,0
519042,0,1,1,0,1,0,1,1,0,0,0,0,0
519043,0,0,1,0,1,0,0,0,0,0,0,0,0
519044,0,1,0,0,1,0,0,0,0,0,0,0,0
519045,1,0,1,0,0,1,0,1,0,0,0,0,0
519046,0,0,0,0,1,0,0,1,0,0,0,0,0
519047,0,0,0,0,1,0,0,1,0,0,0,1,1
519048,0,0,0,0,0,0,0,0,0,0,0,0,0
519049,0,0,0,0,1,0,0,0,0,0,0,0,0
519050,1,1,0,1,1,1,0,1,1,1,1,1,1
519051,0,0,0,1,1,0,0,1,0,0,1,0,0
519053,1,1,0,0,1,1,0,0,0,0,0,0,0
519054,0,1,1,1,1,1,1,0,0,0,0,0,0
519055,1,1,1,1,1,1,0,1,1,1,1,1,1
519056,0,0,1,1,0,0,0,0,0,0,0,0,0
519057,0,0,0,1,1,0,0,0,0,1,0,0,0
519058,0,0,0,0,0,0,0,0,0,0,0,0,0
519060,1,1,1,1,1,1,1,1,0,1,1,1,1
519061,1,1,1,1,1,1,1,0,0,0,1,1,1
519062,0,1,0,1,0,1,1,1,0,0,1,0,0
519063,1,0,0,1,1,0,0,0,0,1,0,0,0
519064,0,0,0,0,0,0,0,1,1,0,0,0,0
519065,0,0,0,0,1,0,0,0,0,0,0,0,0
519066,0,1,1,1,1,1,0,1,0,1,0,1,0
519067,1,0,1,1,1,0,1,0,0,1,0,0,0
519070,0,0,0,0,1,0,0,1,0,0,0,0,0
519071,1,1,1,1,1,1,1,1,0,1,1,1,1
519072,0,1,1,1,1,1,1,1,1,1,0,1,1
519075,1,1,1,1,1,1,1,1,1,1,1,1,1
519122,1,1,0,1,1,1,1,1,0,1,1,1,0
519123,0,0,0,0,1,1,0,0,0,1,0,0,0
519126,0,0,0,0,1,0,1,0,0,0,0,0,0
519127,1,1,1,1,1,1,1,1,0,1,1,1,0
519128,0,1,0,0,1,1,1,1,0,0,0,0,0
519130,1,1,1,1,1,0,0,1,0,0,0,0,0
519131,0,0,1,1,0,1,1,1,0,0,1,0,0
519132,0,1,1,1,1,0,0,1,0,0,0,1,0
519133,0,0,0,0,1,0,0,0,0,0,0,0,0
519134,0,0,0,1,1,1,0,0,0,1,0,0,0
519135,1,0,1,1,0,0,1,0,0,1,0,0,0
519136,0,0,0,0,1,0,0,1,0,0,0,0,0
519138,0,0,0,0,1,0,0,0,0,0,0,0,0
519139,0,0,1,1,1,0,0,1,0,0,1,1,0
519140,0,0,1,1,1,0,0,1,1,1,1,1,1
519141,1,1,1,1,1,1,1,1,0,1,0,0,0
519142,1,1,1,1,1,1,1,1,0,1,0,1,1
519144,1,1,1,1,1,1,1,1,0,1,1,1,1
519146,0,0,0,0,1,0,1,0,0,0,0,0,0
519147,0,0,0,1,1,0,0,0,0,0,1,0,0
519148,1,1,1,1,1,0,0,1,0,0,0,0,1
519149,1,1,1,1,1,1,1,1,1,0,0,0,0
519150,1,1,1,1,1,1,0,0,1,1,0,1,1
519151,0,0,0,0,1,0,0,0,0,0,0,0,0
519153,0,0,0,0,1,0,0,0,0,0,0,1,1
519154,1,1,1,1,0,1,1,1,1,0,0,1,1
519155,0,0,0,0,0,0,1,0,0,0,1,1,1
519156,1,1,1,1,1,1,1,1,1,0,0,0,0
519157,0,0,0,0,0,0,0,1,0,0,0,1,1
519158,1,1,0,0,1,0,0,0,0,0,1,0,0
519159,1,1,1,1,1,1,1,1,0,1,1,1,1
519160,0,0,0,0,0,0,0,0,0,0,0,0,0
519161,1,0,0,0,1,1,0,1,0,0,0,1,1
519162,0,1,0,0,1,0,0,1,0,0,0,1,0
519163,0,0,0,0,0,0,0,0,0,0,0,1,1
519164,0,1,0,0,1,0,0,0,0,0,0,1,1
519165,0,0,1,1,1,0,1,1,0,0,0,0,0
519166,0,0,0,0,0,0,0,0,0,0,0,0,0
519167,0,0,0,0,1,1,0,1,0,0,0,0,0
519168,0,1,1,1,1,0,0,1,0,0,1,1,1
519170,0,0,0,0,0,0,0,0,0,0,0,0,0
519171,0,0,1,1,1,0,1,1,0,0,1,0,0
519172,1,1,1,1,1,1,1,0,0,0,0,0,0
519173,1,1,1,1,1,1,1,1,1,1,1,0,1
519174,0,0,0,0,0,0,0,0,0,0,0,0,0
519175,0,0,0,0,0,0,0,1,0,0,0,1,0
519176,0,0,0,0,0,0,0,0,0,0,0,0,0
519177,0,0,0,0,1,0,0,0,0,0,0,0,0
519178,0,0,1,0,1,1,0,1,0,0,0,0,0
519179,1,1,0,0,1,1,0,1,1,1,0,0,1
519181,0,0,0,0,0,0,1,0,0,0,0,0,0
519182,1,1,1,1,1,1,1,1,1,1,1,1,1
519184,0,0,0,0,1,0,0,1,0,0,0,0,1
519185,0,0,0,0,1,0,0,0,0,0,0,1,0
519186,0,0,0,0,0,0,0,1,0,0,0,0,0
519188,0,1,0,0,1,0,1,1,0,0,1,1,0
519189,0,0,1,1,0,0,1,1,1,1,1,0,0
519190,0,0,1,1,1,1,1,1,0,0,0,0,0
519192,0,0,0,0,1,0,0,0,0,0,0,0,0
519193,1,1,1,1,1,1,1,1,1,1,1,1,1
519194,0,0,0,0,0,0,0,0,0,0,0,0,0
519196,0,1,0,0,1,0,0,0,0,0,0,0,0
519197,1,1,0,1,1,1,1,1,0,0,1,0,0
519198,0,0,1,1,0,0,1,1,0,0,0,1,0
519199,0,0,0,0,1,0,1,1,1,0,0,0,1
519200,0,1,0,0,1,0,0,1,0,0,0,0,0
519201,1,1,0,1,1,1,1,1,1,0,0,0,1
519202,1,0,1,1,1,1,1,0,0,0,0,1,0
519203,1,1,1,1,1,0,1,1,0,0,0,0,0
519204,1,1,1,1,1,1,1,1,1,1,1,1,1
519205,1,0,0,0,1,1,1,1,0,0,1,0,0
519206,1,1,1,1,1,1,1,1,0,1,1,1,1
519207,1,1,1,1,1,1,1,1,0,1,0,0,0
519208,1,1,1,1,1,1,1,1,1,1,1,1,1
519209,0,0,1,1,1,1,1,1,0,0,0,0,0
519210,0,0,0,0,1,1,0,1,0,1,0,0,1
519211,1,1,0,0,0,0,0,0,0,0,0,0,0
519212,0,0,0,0,0,0,0,1,1,0,0,0,0
519213,0,0,0,0,0,0,0,0,0,0,1,0,0
519214,0,0,0,0,1,0,0,1,0,0,0,0,0
519215,0,0,0,0,0,0,0,1,0,0,0,0,0
519216,0,0,0,0,1,0,1,0,0,0,0,0,0
519217,0,0,0,0,1,0,0,0,0,0,0,0,0
519218,0,0,0,0,0,0,0,0,0,0,0,0,0
519219,0,0,0,0,1,0,0,0,0,0,0,0,0
519220,0,0,0,0,1,1,0,0,0,1,0,0,0
519222,0,0,0,0,1,0,0,0,0,0,0,0,0
519224,0,0,0,0,1,0,0,1,0,0,0,0,1
519225,0,0,1,0,1,1,1,0,0,0,0,0,0
519227,1,1,0,0,0,0,1,1,0,0,0,1,0
519228,1,0,1,1,1,0,1,1,0,1,0,0,0
519229,1,1,1,1,1,1,1,0,0,0,0,1,1
519230,0,0,0,0,1,0,0,1,0,0,0,0,1
519231,0,0,0,1,1,0,1,1,0,0,1,1,1
519232,0,0,0,0,0,0,1,0,0,0,0,0,0
519233,0,0,0,1,0,0,0,0,0,0,0,0,0
519234,1,1,1,1,1,1,0,1,0,0,0,0,0
519235,0,1,0,0,0,0,0,0,0,0,0,0,0
519236,0,0,0,0,0,0,0,0,0,0,0,0,0
519237,0,0,0,0,1,0,0,0,0,0,0,0,0
519238,0,0,1,0,1,0,0,0,0,0,0,0,0
519239,1,1,1,1,1,1,1,1,0,1,0,0,0
519240,0,0,0,0,0,0,0,0,0,0,0,0,0
519241,1,1,1,1,0,1,1,1,1,1,1,1,1
519242,0,1,0,1,1,1,1,0,0,0,1,0,0
519244,1,0,0,0,1,0,0,1,0,0,0,1,0
519245,0,0,1,1,0,0,0,1,0,0,0,1,1
519246,1,0,1,1,0,1,1,1,0,0,1,0,0
519247,1,1,0,1,1,1,1,1,1,0,0,0,0
519251,0,0,0,0,1,0,0,0,0,0,0,0,0
519253,1,1,1,1,1,1,1,1,0,0,1,0,0
519254,0,0,1,0,1,1,1,1,0,0,0,0,0
519255,0,1,1,1,1,0,1,1,0,0,0,0,0
519256,1,1,1,1,1,1,1,1,0,1,1,0,0
519257,0,0,0,0,0,0,0,0,0,0,0,0,1
519258,1,1,1,1,1,0,1,0,0,1,1,0,0
519260,0,0,0,0,0,0,0,0,0,0,0,0,0
519261,0,0,0,0,0,0,0,0,0,0,0,0,0
519262,1,0,1,0,0,0,1,1,0,0,0,0,0
519265,1,1,0,0,1,1,0,1,1,1,1,1,1
519267,0,0,0,0,1,0,0,0,0,0,1,1,1
519269,0,0,0,0,0,0,0,0,0,0,0,0,0
519270,0,0,0,0,0,0,0,0,0,0,0,0,0
519271,0,0,0,0,0,0,0,0,0,0,0,0,0
519272,1,1,0,1,1,1,1,1,0,1,1,1,0
519273,0,0,0,0,1,0,0,0,0,0,1,0,1
519274,1,1,1,1,1,1,1,1,1,1,0,1,1
519275,1,1,1,1,1,1,1,1,1,1,0,0,1
519276,1,1,1,1,1,1,1,1,0,1,1,0,0
519278,0,0,0,0,1,0,0,0,0,0,0,0,0
519279,0,0,0,0,0,0,0,1,0,0,0,0,0
519280,0,0,0,0,0,0,0,0,0,0,0,0,0
519284,0,1,0,0,0,0,0,0,0,0,0,0,0
519288,1,1,0,1,1,1,1,1,0,1,1,0,0
519290,1,1,1,1,1,1,1,1,1,1,1,1,0
519291,1,1,1,1,1,0,0,0,0,0,0,0,0
519294,0,0,0,0,1,0,0,0,0,0,0,0,0
519295,0,0,0,0,0,0,0,0,0,0,0,0,1
519296,0,0,0,0,0,0,0,0,0,0,0,0,0
519298,1,1,0,0,1,0,0,1,0,1,1,1,1
519299,1,1,1,1,1,1,1,0,0,0,0,0,0
519300,0,0,0,0,0,0,0,0,0,0,0,0,0
519301,0,0,0,0,1,0,0,0,0,0,0,0,0
519302,0,0,0,0,0,0,0,1,0,0,0,0,0
519303,0,0,0,0,0,0,0,0,0,0,0,0,0
519304,1,0,0,0,1,0,0,1,0,0,0,1,1
519305,0,0,0,0,0,0,0,0,0,0,0,0,1
519306,1,1,1,1,1,1,1,1,1,1,0,1,1
519307,1,1,1,1,1,1,1,1,0,1,0,1,0
519308,0,0,0,0,1,0,1,0,0,0,0,0,0
519309,0,0,1,1,1,1,1,0,1,0,1,0,0
519310,1,1,0,0,1,1,0,0,0,1,0,1,1
519311,1,1,0,1,1,1,0,1,0,1,1,0,1
519312,1,0,0,1,1,1,1,1,0,0,0,0,0
519313,1,1,1,1,1,1,1,1,1,1,1,1,1
519314,0,0,0,0,0,0,0,0,0,0,0,0,0
519315,0,0,1,1,1,1,1,1,0,0,0,0,0
519316,1,1,1,1,1,1,1,1,0,1,1,1,1
519317,0,0,0,0,0,0,0,0,0,0,0,0,0
519318,1,1,0,1,0,1,0,1,1,1,1,0,1
519319,0,0,0,0,1,0,0,0,0,0,0,0,0
519320,0,0,0,0,0,0,0,0,0,0,0,0,0
519321,1,1,1,1,1,1,1,1,0,0,0,0,1
519322,0,0,0,0,0,0,0,0,0,0,0,0,0
519323,0,0,0,0,1,1,0,1,0,0,0,0,0
519324,0,0,0,0,0,0,0,0,0,0,0,0,0
519325,0,0,0,0,0,0,0,0,0,0,0,1,1
519326,1,1,0,0,0,0,0,1,0,0,0,0,1
519327,0,0,0,0,0,0,0,0,0,0,0,1,0
519328,0,0,1,0,1,0,1,0,0,0,0,0,0
519330,1,1,1,1,1,1,1,1,1,1,1,1,1
519331,0,1,0,1,1,1,0,1,0,1,1,1,0
519332,0,0,0,0,1,0,0,0,0,0,0,0,0
519333,0,0,0,0,0,0,0,0,0,0,0,0,0
519334,1,0,1,1,1,1,1,1,0,0,0,0,0
519336,1,1,1,1,0,1,1,1,0,0,0,0,1
519338,0,0,0,0,0,0,0,0,0,0,0,0,0
519339,0,1,1,0,1,1,1,1,0,0,0,1,1
519340,1,1,0,1,1,1,1,1,0,1,0,1,0
519341,0,0,1,0,1,0,0,1,0,0,0,0,0
519342,0,0,0,0,0,0,0,0,0,0,0,0,0
519343,1,1,1,1,1,1,1,1,1,1,1,0,0
519344,0,0,0,0,0,0,0,0,0,0,0,0,0
519345,0,0,0,0,0,0,0,0,0,0,0,0,0
519346,0,0,0,1,1,0,1,1,0,0,0,0,0
519347,1,1,0,0,1,1,0,1,1,1,1,0,1
519348,0,0,0,1,0,0,0,0,0,0,0,0,0
519350,0,0,1,0,1,1,0,1,0,0,0,0,0
519352,1,1,1,1,1,1,1,1,0,1,1,1,1
519353,1,1,1,1,1,1,1,0,0,1,0,0,0
519354,0,0,0,0,0,0,0,1,0,0,0,0,0
519355,0,0,1,0,1,0,1,0,0,0,0,0,0
519357,1,1,1,1,1,1,1,1,0,1,1,0,0
519358,1,1,1,1,1,1,1,1,1,1,1,0,0
519359,1,0,0,0,1,0,0,0,0,0,0,0,0
519360,0,0,1,0,1,0,0,0,0,0,0,0,0
519361,0,0,0,0,1,0,0,0,0,0,0,0,0
519362,0,0,1,0,1,0,0,0,0,0,0,0,0
519363,0,0,0,0,0,0,0,0,0,0,0,0,0
519364,0,0,1,1,0,0,1,0,0,0,0,0,0
519365,0,0,0,0,0,0,0,0,0,0,0,0,0
519366,0,1,0,0,0,0,0,0,0,0,0,0,0
519367,0,0,0,0,0,0,0,0,0,0,0,0,0
519368,0,0,1,0,0,0,0,0,0,0,0,0,0
519369,0,0,1,0,0,0,1,0,0,0,0,0,0
519370,0,1,0,1,1,1,1,1,0,0,0,0,0
519371,0,0,0,0,0,0,1,0,0,0,0,0,0
519372,1,1,1,1,1,1,1,1,0,1,1,1,0
519374,1,1,1,1,1,0,1,1,1,1,0,0,0
519375,0,0,0,0,1,1,0,0,0,0,0,0,0
519376,1,1,1,1,1,1,1,1,0,1,0,0,0
519377,0,0,1,0,1,0,1,1,0,0,0,0,0
519378,0,0,1,0,0,0,0,0,0,0,0,0,0
519379,1,0,1,0,1,0,0,0,0,0,0,1,0
519380,0,0,0,0,0,0,0,0,0,0,0,0,0
519381,0,0,0,0,1,1,0,1,0,0,0,0,0
519382,1,1,1,0,0,0,0,1,0,1,0,0,1
519383,1,0,0,0,1,1,0,1,0,1,1,0,0
519384,1,1,0,1,1,1,1,1,0,1,0,0,0
519385,0,0,1,0,1,0,0,0,0,0,0,0,0
519386,0,0,0,0,0,0,0,0,0,0,0,0,0
519387,1,0,1,1,1,0,0,1,0,0,0,1,0
519388,1,1,1,1,1,1,1,1,1,1,1,1,1
519389,1,1,1,1,1,1,1,1,1,1,1,0,0
519390,0,1,0,0,1,0,0,0,0,0,0,1,0
519391,1,1,1,1,1,1,1,0,0,0,0,1,0
519392,0,0,0,0,1,0,0,0,0,0,0,0,0
519393,1,1,1,1,1,1,1,1,0,1,1,1,0
519394,0,0,0,0,0,0,0,0,0,0,0,0,1
519395,1,0,1,1,0,0,1,1,0,0,0,0,0
519397,1,1,0,0,1,1,0,0,0,0,0,0,0
519398,1,1,1,1,1,0,1,1,0,1,0,0,0
519399,0,1,1,0,0,0,0,0,0,0,0,0,0
519400,1,0,1,1,1,1,1,1,0,1,0,0,0
519401,1,1,0,0,1,1,0,1,0,0,0,1,0
519402,0,0,0,0,1,1,0,0,0,0,0,0,0
519403,0,0,0,0,1,0,0,0,0,0,0,0,0
519404,1,1,0,0,1,0,0,1,0,1,0,0,0
519405,1,1,0,0,1,0,0,1,0,0,0,0,0
519406,0,0,0,0,1,0,0,0,0,0,0,0,0
519407,0,1,1,1,1,1,0,1,0,0,0,0,0
519408,1,0,1,0,1,0,0,1,0,1,0,0,1
519409,0,0,0,0,0,0,0,0,0,0,0,1,0
519410,1,1,0,0,1,0,0,0,0,1,0,1,0
519411,0,0,0,0,0,0,0,0,0,0,0,0,0
519412,1,1,0,1,1,1,0,1,0,0,0,0,0
519413,1,1,1,1,1,1,1,1,0,1,1,1,0
519414,0,1,0,1,0,0,0,0,0,1,0,0,0
519415,1,1,1,1,1,1,1,1,1,1,1,1,1
519416,1,1,1,1,1,1,1,1,0,0,0,1,0
519418,0,0,0,0,0,0,0,0,0,0,0,1,0
519419,1,0,1,1,1,0,1,1,0,0,0,0,0
519420,0,0,0,0,0,0,0,0,0,0,0,0,0
519421,0,0,0,0,0,0,0,0,0,0,0,0,0
519422,0,0,0,0,1,0,1,1,0,0,0,0,0
519423,0,0,1,0,0,0,1,0,0,0,0,0,0
519424,0,0,0,0,0,0,0,0,0,0,0,0,0
519425,0,1,1,0,1,1,1,1,0,0,1,0,0
519426,0,0,0,0,0,0,0,0,0,0,0,0,0
519427,0,1,0,0,1,0,1,0,0,0,0,0,0
519428,0,1,1,0,1,1,1,1,1,0,0,0,0
519429,0,0,0,0,1,0,0,0,0,0,0,1,0
519430,0,0,0,0,1,0,0,1,1,1,0,1,0
519431,0,0,1,1,0,1,1,1,0,0,0,1,1
519432,1,1,1,1,1,1,1,1,1,1,1,1,1
519433,1,1,1,1,1,1,1,1,1,1,1,1,1
519434,0,0,0,0,0,0,0,1,0,0,1,0,0
519435,1,1,0,1,1,1,1,1,1,1,1,1,1
519436,0,1,0,0,0,1,0,1,1,1,1,1,1
519439,0,0,0,0,0,0,0,0,0,1,1,0,0
519440,0,0,1,0,1,0,0,0,0,0,0,0,1
519441,0,0,0,0,0,0,0,1,0,0,1,0,0
519442,0,0,0,1,1,0,0,1,0,1,0,0,0
519444,0,0,0,0,0,0,0,0,0,0,0,0,0
519445,0,0,0,0,1,0,0,0,0,0,0,0,0
519446,0,1,1,1,1,1,1,1,0,0,0,0,0
519447,1,1,1,1,1,1,1,1,0,1,1,0,0
519450,1,1,1,1,1,1,0,1,0,1,0,0,1
519451,1,1,1,1,1,1,1,1,1,0,1,1,1
519453,0,0,0,0,0,0,0,0,0,0,1,0,1
519458,0,0,0,0,0,0,0,0,0,0,0,0,0
519461,0,0,0,0,1,0,0,0,0,0,0,0,0
519462,0,0,0,0,1,0,0,1,0,1,1,0,0
519464,0,0,0,0,0,0,0,0,0,0,0,0,0
519465,0,1,0,1,1,1,1,1,0,1,0,0,0
519466,0,0,0,0,1,0,0,0,0,0,0,0,1
519467,0,0,0,0,1,0,0,0,0,0,0,0,0
519468,1,1,0,1,1,1,1,0,0,0,1,0,0
519469,0,1,0,1,1,1,0,1,0,1,1,1,0
519470,0,0,0,0,1,0,0,0,0,0,0,0,0
519471,0,0,0,1,1,0,1,0,0,0,0,0,0
519472,0,0,0,1,1,1,1,1,0,0,0,0,1
519473,0,0,0,0,1,0,0,1,0,0,0,0,0
519474,0,0,0,0,0,0,0,0,0,0,0,0,0
519475,1,1,1,1,1,1,1,1,0,1,1,1,1
519476,0,0,0,0,0,0,0,1,0,0,0,0,0
519477,0,1,1,0,1,1,1,1,1,1,1,1,1
519478,1,1,1,1,1,1,1,1,0,0,0,0,0
519479,1,1,1,1,1,1,1,1,1,1,1,1,1
519480,0,1,1,1,1,1,1,1,1,1,1,1,0
519482,1,1,0,0,1,1,1,1,0,1,1,0,0
519483,0,1,0,1,1,0,0,0,0,0,0,0,0
519484,0,1,0,0,1,1,0,1,0,1,1,1,0
519486,0,0,0,0,0,0,0,0,0,0,0,0,0
519487,0,0,0,0,1,0,0,0,0,1,1,0,0
519488,0,0,0,0,1,0,0,1,0,0,0,1,1
519489,0,0,0,0,0,0,0,1,0,0,0,1,1
519490,0,1,0,0,1,1,0,1,0,0,0,0,0
519491,1,1,0,0,1,0,0,0,0,0,0,0,0
519492,1,1,1,1,0,0,1,1,0,0,0,0,1
519493,0,0,0,0,0,0,0,0,0,0,0,0,0
519494,1,1,1,1,1,1,1,1,1,1,1,0,1
519495,1,1,1,1,1,1,1,1,1,1,1,0,1
519497,0,1,0,1,1,0,1,1,0,0,1,1,0
519499,1,1,0,0,1,1,0,1,0,1,0,0,0
519500,0,1,1,1,1,0,0,1,0,1,0,0,0
519501,1,1,1,1,1,1,1,1,0,1,0,0,1
519502,0,0,0,0,0,0,0,0,0,0,0,0,0
519504,0,0,1,1,1,1,0,1,1,0,1,0,0
519505,0,0,1,0,0,0,1,0,0,0,0,0,0
519506,0,0,0,0,0,0,0,0,1,0,0,0,0
519507,1,1,1,1,1,1,1,1,0,0,0,0,1
519508,0,0,1,1,1,0,1,1,0,0,0,0,0
519509,0,0,0,0,0,0,0,0,0,0,1,0,0
519511,1,1,1,1,0,1,1,1,1,1,0,1,0
519512,1,0,1,1,0,1,0,1,0,0,0,1,1
519513,0,1,1,1,1,1,1,1,0,0,0,0,0
519514,0,0,0,1,1,1,0,1,0,0,1,0,0
519515,0,0,0,0,1,0,1,1,0,0,0,0,0
519516,0,0,1,0,0,0,0,0,0,0,1,1,1
519517,0,0,0,1,1,1,1,1,1,1,1,1,0
519522,0,0,1,1,1,1,0,1,0,0,0,0,0
519523,1,1,1,1,0,1,1,1,0,0,1,0,0
519526,0,0,0,0,1,1,0,1,0,0,1,0,0
519527,1,1,1,1,1,1,1,1,0,1,0,0,0
519530,1,0,1,1,1,1,1,1,1,1,1,1,1
519532,1,1,1,1,1,0,1,1,1,1,1,1,1
519537,1,1,0,0,1,1,0,0,0,0,0,1,1
519538,0,1,1,0,1,1,1,1,1,0,0,0,0
519543,0,0,0,0,1,0,0,1,1,0,1,0,0
519545,0,0,0,0,0,0,0,0,0,0,0,1,0
519547,0,0,0,0,1,0,0,1,0,0,1,1,0
519548,1,0,0,1,1,1,1,1,1,1,1,0,1
519549,0,0,0,0,1,0,0,0,0,0,0,0,0
519552,0,0,1,0,0,0,0,0,0,0,0,0,0
519553,0,1,1,1,0,1,1,1,1,0,0,0,0
519554,1,0,0,1,1,1,0,1,0,1,1,1,0
519555,0,0,0,1,1,1,1,1,0,0,0,1,0
519557,1,1,0,1,1,1,1,1,1,0,0,0,1
519558,0,0,0,0,1,0,0,0,0,0,0,0,1
519559,0,0,0,0,1,1,1,0,0,0,1,0,0
519560,1,0,1,1,1,0,1,1,0,0,1,0,1
519561,0,0,0,0,1,1,0,1,0,0,0,0,0
519562,0,0,0,0,0,1,0,1,0,0,1,0,0
519564,0,1,0,1,1,1,0,1,0,0,0,0,0
519565,0,0,0,0,1,1,0,1,1,0,0,0,0
519566,0,0,1,1,1,1,0,0,0,1,0,0,0
519567,1,1,1,1,1,1,0,1,0,1,1,0,0
519568,0,1,1,1,1,0,1,0,0,0,0,0,0
519569,1,1,1,1,1,1,1,0,0,0,0,0,0
519570,0,0,0,0,1,0,0,0,0,0,0,0,0
519571,1,1,0,1,1,1,1,1,0,1,0,0,1
519572,0,0,0,1,1,0,0,1,0,0,0,0,0
519573,0,0,0,1,1,1,0,0,0,1,0,1,0
519574,1,0,1,0,1,0,0,1,0,0,0,0,0
519575,0,1,1,0,1,1,1,1,1,0,0,0,1
519576,0,0,1,1,1,1,1,1,1,0,1,0,0
519577,0,0,0,0,1,0,0,0,0,0,0,0,1
519579,0,0,0,0,0,0,0,0,0,0,0,0,0
519580,1,1,1,1,1,1,1,1,1,1,1,0,0
519581,0,0,0,0,0,0,1,0,0,0,0,0,0
519582,1,1,1,1,1,1,1,0,0,0,0,1,0
519583,0,0,0,0,1,0,1,0,0,0,1,0,0
519584,0,0,0,0,0,0,0,0,0,0,0,0,0
519585,0,0,1,1,1,1,1,1,0,0,0,0,0
519586,0,0,0,0,0,0,0,0,0,0,1,0,0
519587,0,0,0,0,0,0,0,0,0,0,0,0,0
519588,1,0,1,1,1,0,1,1,0,0,0,0,0
519589,0,0,0,1,1,0,0,0,0,0,0,0,0
519590,0,0,0,0,0,0,0,0,0,0,0,0,1
519591,1,1,1,1,1,1,1,1,0,0,0,0,0
519592,0,0,0,0,0,0,0,0,0,0,0,0,0
519593,0,0,0,1,1,0,1,0,0,0,0,0,0
519594,0,0,0,0,1,1,1,0,0,0,0,0,0
519598,0,0,0,0,1,1,0,0,0,0,0,0,0
519599,1,1,1,1,1,1,1,1,0,0,1,1,0
519600,0,0,0,0,0,0,0,1,0,0,0,0,0
519602,1,1,1,1,1,1,1,1,0,1,1,0,0
519603,0,1,0,1,1,1,0,1,1,1,1,1,1
519604,1,1,1,1,1,1,1,1,1,1,1,1,1
519606,1,1,1,1,1,1,1,1,0,1,0,0,1
519607,0,0,0,0,1,1,1,1,0,1,1,0,0
519608,0,0,0,0,1,1,0,1,1,0,0,0,0
519609,0,0,0,0,0,0,0,1,0,0,1,0,0
519610,0,0,0,0,1,0,0,0,0,0,0,0,0
519611,0,0,0,0,0,0,0,0,0,0,0,0,0
519614,0,0,0,0,0,0,0,0,0,0,0,0,1
519616,0,0,0,0,0,0,0,0,0,0,0,0,1
519622,1,0,1,1,1,1,1,1,1,1,0,1,1
519634,0,0,1,1,1,1,0,0,0,0,1,1,0
519636,1,0,1,1,1,1,1,1,0,0,0,0,0
519637,1,1,1,1,1,1,1,1,0,1,1,1,1
519640,0,1,1,1,1,1,1,0,0,0,0,0,0
519641,1,1,1,1,1,1,1,1,0,1,1,1,1
519643,1,1,1,1,1,1,1,1,0,1,0,0,0
519645,0,0,0,0,1,0,0,0,0,0,0,0,0
519651,1,1,1,1,1,1,1,0,1,0,0,0,0
519652,0,1,1,1,1,1,1,1,0,0,0,0,0
519653,1,0,1,1,1,0,1,1,1,1,1,1,1
519654,0,0,0,0,1,0,0,1,0,0,0,1,1
519655,0,0,0,0,1,0,0,0,0,0,0,0,0
519656,0,0,1,1,1,1,1,0,0,0,0,0,0
519658,1,0,1,1,1,1,1,1,1,0,0,0,0
519659,1,1,1,1,1,1,1,1,1,1,1,0,0
519660,0,0,0,0,0,0,0,1,1,1,1,1,1
519661,0,0,0,0,1,0,0,0,0,0,0,0,0
519662,0,1,0,0,1,0,0,0,0,0,0,0,0
519663,1,0,1,1,1,0,0,0,0,1,0,0,0
519665,0,0,0,0,0,0,0,0,0,0,0,0,0
519666,0,0,0,0,1,0,0,0,0,1,1,1,0
519667,1,1,0,1,1,0,0,1,1,1,1,0,0
519668,1,1,1,1,1,1,1,1,1,1,0,0,0
519670,0,0,0,0,0,0,0,0,0,0,0,0,0
519671,0,1,1,0,0,0,1,1,1,0,0,0,0
519672,0,0,1,1,1,1,1,0,0,0,0,0,0
519673,1,1,1,1,1,1,0,0,0,1,1,0,0
519674,1,1,1,1,1,1,1,1,0,1,1,1,1
519675,1,1,1,1,1,1,1,1,0,1,1,1,1
519676,0,0,1,1,1,1,1,1,0,0,0,1,0
519677,1,1,1,1,1,1,1,1,0,1,1,0,0
519679,0,1,0,1,1,1,1,1,1,1,0,0,0
519680,0,0,0,0,1,0,0,0,0,0,0,0,0
519681,1,1,0,1,0,1,0,1,0,1,0,0,0
519683,1,1,1,1,1,1,1,1,0,1,0,0,0
519686,1,1,1,1,1,1,1,1,1,1,1,0,1
519689,1,0,1,1,1,0,1,1,0,1,0,0,0
519690,0,0,0,0,1,0,0,0,0,0,0,0,0
519691,1,0,0,1,1,1,0,1,0,1,1,0,0
519692,1,1,0,1,1,1,0,1,0,1,1,0,0
519693,1,1,1,1,1,1,1,1,1,1,1,0,0
519694,1,1,0,1,1,1,1,1,0,0,1,0,1
519695,0,0,0,0,1,1,0,1,0,0,1,0,1
519696,0,0,0,0,1,1,0,0,0,0,1,0,1
519697,1,0,1,0,0,0,0,1,0,0,0,0,1
519698,1,1,1,0,0,1,1,1,0,1,1,0,1
519700,0,0,0,0,0,0,0,0,0,0,1,0,0
519701,0,1,1,1,1,1,1,0,0,0,0,0,0
519702,1,1,0,0,1,1,0,1,1,1,0,0,0
519703,0,0,0,0,0,0,0,0,0,0,0,0,0
519704,1,1,1,0,1,1,0,1,0,1,1,0,1
519705,0,0,1,1,1,0,0,0,0,0,0,0,0
519706,0,1,0,1,1,1,0,1,0,0,0,1,0
519707,0,0,1,1,0,1,1,0,0,0,0,1,1
519708,1,1,1,1,1,1,1,0,0,0,0,0,0
519709,0,0,1,1,1,1,1,0,0,0,1,0,0
519710,0,1,0,0,1,0,0,1,0,1,1,1,1
519714,1,1,1,1,0,1,1,1,1,1,1,0,0
519715,0,0,0,0,1,0,0,0,0,0,1,0,1
519716,1,1,1,1,1,1,1,1,1,1,1,1,0
519717,0,0,0,0,1,0,0,0,0,0,0,0,0
519718,1,1,0,1,1,1,0,1,1,1,1,0,0
519722,0,0,0,0,1,0,0,0,0,0,0,0,0
519724,0,0,0,0,0,0,0,0,0,0,1,1,0
519727,0,0,0,0,0,0,0,0,0,0,0,0,0
519728,0,0,0,0,0,0,0,0,0,0,0,1,0
519729,0,0,0,0,1,0,0,0,0,0,0,0,1
519730,0,0,1,0,0,0,1,0,0,0,0,0,0
519733,1,1,1,1,1,0,0,1,0,1,1,0,1
519734,0,0,0,0,0,0,0,0,0,0,0,0,1
519735,1,1,1,1,1,1,1,1,1,1,1,0,1
519738,1,1,1,1,1,1,1,1,0,1,1,1,1
519739,0,1,1,1,1,0,1,0,0,0,0,0,1
519741,0,0,0,0,1,0,0,0,0,0,0,0,0
519747,1,1,1,1,1,1,1,1,0,1,1,1,1
519748,1,0,1,1,1,1,1,1,0,0,1,1,1
519749,1,1,1,1,1,1,1,1,0,1,0,1,1
519753,0,0,0,1,1,1,1,0,0,0,0,0,0
519754,0,0,1,1,1,1,0,1,0,0,1,1,1
519755,1,1,1,1,1,1,1,1,1,1,1,0,1
519759,0,0,1,1,1,0,0,0,0,0,0,0,0
519760,0,0,0,0,0,0,0,0,0,0,0,0,1
519762,0,0,0,0,0,0,0,0,0,0,0,0,0
519763,0,0,0,0,0,0,0,1,1,1,1,1,1
519764,0,0,0,0,0,0,0,0,0,0,0,0,0
519765,0,0,0,0,0,0,0,0,0,0,0,0,0
519766,0,1,1,0,1,0,0,1,0,0,0,0,0
519767,1,0,1,1,1,0,1,1,1,0,1,0,1
519769,0,0,0,0,0,0,0,0,0,0,0,0,0
519770,0,0,0,0,0,0,0,0,0,0,0,1,0
519771,0,0,0,0,0,0,0,0,0,0,0,0,0
519772,0,0,0,0,1,0,0,0,0,0,0,0,0
519774,1,0,0,0,0,0,0,1,1,0,0,0,0
519775,0,0,0,0,0,0,0,0,0,0,0,1,0
519776,0,0,0,0,0,0,0,0,0,0,0,0,0
519777,1,1,0,0,1,1,0,1,0,1,1,0,0
519778,0,0,0,0,0,0,0,1,0,0,0,1,0
519779,0,1,0,0,1,0,0,0,0,0,0,0,0
519780,0,0,1,1,1,1,1,0,0,0,0,1,0
519783,0,0,1,0,0,0,1,0,0,0,0,0,0
519784,1,1,0,1,1,1,0,1,0,1,0,0,0
519785,0,0,0,0,1,0,0,0,0,0,0,0,0
519786,0,0,0,0,1,0,0,0,0,0,0,0,0
519787,1,1,0,0,1,1,0,1,1,1,1,1,1
519788,0,1,0,1,1,1,1,1,0,0,0,0,0
519790,1,1,0,0,1,1,0,0,0,0,0,1,0
519792,0,0,0,0,0,0,1,1,0,0,0,1,0
519793,1,0,1,0,1,1,0,0,0,1,0,0,1
519794,0,0,0,0,1,0,0,1,0,0,0,0,0
519795,0,0,1,1,1,0,1,0,0,0,0,0,0
519798,0,0,0,0,0,0,0,0,0,0,0,0,1
519799,1,1,1,1,1,1,1,1,1,1,1,1,1
519801,1,1,0,0,1,1,0,0,0,0,0,0,0
519802,1,1,1,1,0,1,1,1,1,0,0,1,1
519804,1,1,0,1,1,0,1,1,0,1,1,1,1
519806,0,0,0,0,0,0,0,0,0,0,0,0,0
519807,1,0,0,1,1,1,0,1,0,0,1,1,1
519808,0,0,0,0,1,0,0,1,0,1,1,1,1
519809,1,1,1,1,1,1,1,1,0,1,1,1,1
519810,0,0,0,0,0,0,0,0,0,0,0,0,1
519811,0,1,1,0,1,0,0,1,0,0,0,0,0
519814,0,0,0,0,0,0,0,0,0,0,0,0,0
519815,0,0,0,0,0,0,0,0,0,0,0,0,1
519816,0,0,1,1,1,0,0,0,0,0,0,0,1
519818,1,1,1,1,1,1,1,1,1,1,0,1,1
519819,0,0,0,0,1,0,0,1,0,1,0,1,0
519820,1,1,0,0,1,1,0,1,0,1,1,0,0
519822,1,1,1,1,1,1,1,1,0,1,1,0,1
519826,0,0,1,0,1,1,0,0,0,0,0,0,0
519827,0,0,0,0,0,0,0,0,0,0,0,0,0
519828,1,1,1,1,1,1,1,1,0,1,1,0,0
519832,0,1,0,1,1,0,0,0,0,0,0,0,0
519833,1,1,0,1,1,1,1,1,0,1,1,1,1
519834,0,0,0,0,1,1,0,0,0,0,1,1,0
519835,1,1,1,1,1,1,1,0,0,0,0,0,0
519836,0,0,0,0,1,1,0,0,0,1,0,1,0
519837,0,0,0,0,1,0,0,1,0,0,1,1,0
519838,0,0,0,0,0,0,0,0,0,0,0,0,1
519839,0,0,1,1,1,0,0,1,0,0,0,0,0
519840,0,0,0,0,1,0,0,0,0,0,0,0,0
519841,1,1,1,0,1,1,0,1,0,1,0,0,0
519842,0,0,0,0,1,0,0,1,0,0,0,1,0
519843,0,1,1,1,0,1,1,0,0,0,0,0,0
519845,0,0,1,1,1,0,1,0,0,0,0,1,1
519846,0,0,0,0,1,1,0,1,0,0,0,0,0
519847,0,0,1,1,0,0,0,0,0,0,0,0,0
519849,0,0,0,1,1,0,1,1,0,0,1,0,1
519850,0,1,1,1,1,0,1,1,0,1,0,1,1
519851,1,1,0,0,1,0,0,0,0,0,0,0,0
519853,1,1,1,1,1,1,1,1,1,1,1,1,1
519854,0,0,0,0,0,1,0,0,0,0,0,0,0
519855,0,0,0,0,1,0,0,0,0,0,0,1,0
519857,0,0,1,0,1,0,0,0,0,0,0,0,0
519858,1,1,1,1,1,1,1,0,0,0,0,0,1
519859,1,1,1,1,1,1,1,1,0,1,1,1,0
519862,0,0,0,0,1,0,0,0,0,0,0,0,0
519865,1,1,1,1,1,1,1,1,0,1,1,1,1
519868,0,0,0,0,1,0,0,1,0,0,0,0,0
519869,0,0,0,0,0,0,0,0,0,0,1,0,1
519870,1,1,1,1,1,1,1,1,0,1,1,1,1
519871,1,0,0,0,1,0,0,1,0,0,1,1,0
519872,0,0,0,0,0,0,0,0,0,0,0,0,0
519873,0,1,1,0,1,1,1,1,0,0,0,0,0
519874,1,0,1,1,1,1,1,1,0,0,0,0,0
519875,1,1,1,1,1,1,1,1,0,1,1,0,1
519876,0,0,0,1,1,0,0,1,0,1,1,1,0
519877,1,1,1,1,1,1,1,1,1,1,1,1,1
519878,0,0,0,0,0,0,0,0,0,0,0,0,0
519880,0,0,0,0,1,0,0,0,0,0,0,0,0
519881,1,1,0,1,1,0,0,1,0,1,0,0,0
519882,0,0,0,0,0,0,0,0,0,1,1,0,0
519883,0,0,0,0,0,0,0,0,0,0,0,0,0
519885,1,0,1,0,1,0,0,0,0,0,0,0,1
519886,0,0,0,0,1,0,0,0,0,0,0,0,0
519888,0,0,0,0,1,0,0,0,0,0,1,0,1
519891,0,0,0,0,0,0,0,0,0,1,1,0,0
519892,0,0,0,0,0,0,0,0,0,0,0,1,1
519893,0,0,0,0,1,0,0,0,0,0,0,0,0
519895,1,1,0,1,1,1,1,1,0,1,1,0,1
519896,0,0,0,0,0,0,0,0,0,0,0,0,0
519897,0,1,1,0,1,0,1,0,0,0,0,0,1
519898,0,0,0,0,0,0,0,0,0,0,0,0,0
519899,0,0,0,0,0,0,0,0,0,0,0,0,0
519900,0,0,0,0,0,0,0,0,0,0,0,0,0
519901,0,0,0,0,0,0,0,0,0,0,0,0,0
519902,1,0,0,0,1,0,0,0,0,1,1,0,0
519903,0,0,0,0,1,0,0,0,0,0,1,0,0
519906,0,0,0,1,1,1,0,0,0,0,0,1,1
519907,1,1,0,1,0,1,1,0,0,1,1,0,0
519914,1,0,0,1,1,0,0,1,0,1,1,1,1
519915,1,1,0,1,1,1,1,1,0,1,1,1,1
519916,1,0,0,1,1,0,1,0,0,0,1,1,1
519917,0,0,0,0,1,1,0,1,0,1,1,1,1
519918,0,0,0,0,1,0,0,1,0,0,1,0,0
519919,1,0,0,1,1,0,1,1,0,0,0,1,1
519920,0,1,0,1,1,1,1,1,0,1,1,0,0
519922,0,0,0,0,0,0,0,0,0,0,1,0,0
519924,0,0,1,0,1,0,1,0,0,0,0,0,0
519925,0,0,0,0,1,0,0,1,0,0,0,0,0
519926,0,0,0,0,1,0,0,0,0,0,0,0,0
519927,0,0,0,0,0,0,0,0,0,0,0,0,0
519928,0,0,0,0,0,0,0,0,0,0,0,0,0
519929,0,0,0,1,1,0,0,0,0,0,0,1,1
519930,0,0,0,1,0,0,0,1,1,0,0,0,0
519932,0,0,0,0,0,0,0,0,0,0,0,0,0
519935,0,0,1,1,1,1,1,1,0,0,0,0,0
519939,0,0,0,0,1,0,0,0,0,0,0,0,0
519940,0,0,0,0,1,0,0,0,0,0,0,0,0
519941,0,0,0,0,1,0,0,0,0,0,0,0,0
519942,1,1,1,1,1,1,1,1,1,1,1,0,0
519943,0,0,0,0,0,0,0,1,0,0,1,0,1
519946,0,0,0,0,1,1,0,0,0,1,1,1,1
519947,0,0,0,0,1,0,0,0,0,0,0,1,1
519948,0,0,1,0,1,0,0,1,0,0,1,0,0
519954,0,1,0,0,1,0,0,1,0,0,1,0,0
519955,0,0,0,0,0,0,0,0,0,0,0,0,0
519983,0,1,1,0,0,0,1,1,0,0,0,0,0
519990,0,0,0,0,0,0,0,1,0,0,1,1,1
520001,0,0,0,0,1,0,0,0,0,0,0,0,0
520019,0,0,0,0,1,0,0,0,0,0,0,0,0
520021,0,0,0,0,1,0,0,0,0,0,0,0,0
520051,0,1,0,0,1,0,0,0,0,1,0,0,1
520052,0,0,0,0,0,0,1,0,0,0,0,0,0
520054,0,0,1,1,1,1,1,1,1,0,0,1,0
520077,0,0,1,0,0,0,0,0,0,1,0,0,0
520112,0,0,0,0,0,0,0,0,0,0,0,0,0
520114,1,1,1,1,1,1,1,1,0,1,1,0,0
520116,1,1,1,1,1,1,1,1,0,1,1,0,1
520122,0,0,1,0,0,0,1,0,0,0,0,0,0
520124,1,1,1,1,0,0,1,1,0,0,0,0,1
520127,1,1,0,1,1,0,0,1,0,0,0,1,0
520129,1,1,1,1,1,1,1,1,0,1,1,1,1
520130,0,1,0,0,1,0,0,0,0,0,0,0,0
520139,0,0,0,0,1,0,0,1,0,1,0,0,1
520146,0,0,0,0,0,0,0,0,0,0,0,0,0
520150,1,0,0,0,1,0,0,0,0,1,0,0,0
520152,0,1,0,0,1,0,0,0,0,0,0,0,0
520153,1,1,0,1,1,1,0,1,0,1,1,0,1
520154,1,1,1,1,1,1,1,1,1,1,1,1,1
520157,0,0,0,0,1,1,1,1,0,0,0,0,0
520159,1,1,1,1,1,1,1,1,1,1,1,1,1
520165,1,1,1,1,1,1,1,1,0,1,0,0,0
520171,0,1,1,1,1,1,1,0,0,0,0,0,0
520175,0,0,0,0,1,0,0,1,1,1,1,1,1
520176,0,0,0,0,0,0,0,0,0,0,0,1,0
520179,0,0,0,0,1,0,0,1,0,0,0,0,0
520180,0,0,0,0,0,0,0,0,0,0,1,0,0
520182,0,1,0,0,1,1,0,0,0,0,0,0,0
520183,0,1,0,0,1,0,0,1,0,1,0,1,1
520185,0,0,0,0,0,0,0,0,0,0,0,0,0
520189,1,1,0,1,1,1,0,0,0,1,0,0,0
520194,0,0,0,0,0,0,0,1,1,0,0,0,0
520198,0,0,0,0,0,0,0,0,0,0,0,0,0
520201,1,0,0,0,1,1,0,1,0,1,0,1,0
520202,1,1,1,1,1,1,1,1,1,0,1,0,0
520203,1,1,0,1,1,1,1,1,0,1,0,1,1
520206,0,0,0,0,1,1,1,1,0,0,1,0,1
520217,0,0,0,0,1,0,0,0,0,0,0,0,0
520219,1,1,0,1,1,1,0,1,0,1,1,0,0
520222,0,0,0,0,0,0,0,0,0,0,0,0,0
520223,0,0,0,0,0,0,0,1,0,0,1,0,0
520224,0,0,0,0,1,0,1,0,0,0,0,0,0
520226,0,0,0,0,1,0,0,0,0,0,1,0,0
520232,1,1,0,1,1,0,1,1,0,0,1,1,1
520236,1,1,0,1,1,1,0,1,1,1,1,1,0
520238,0,0,0,0,1,0,0,1,0,0,0,0,0
520241,0,0,0,0,0,0,0,0,0,0,0,0,0
520242,0,0,0,0,0,0,0,0,0,0,0,0,0
520243,0,0,0,0,1,0,0,0,0,0,0,0,0
520247,0,0,0,0,1,0,0,0,0,0,1,0,1
520250,1,1,1,1,1,1,1,1,1,1,1,1,1
520251,1,0,1,0,1,0,1,1,0,1,1,1,1
520253,1,0,0,0,0,0,1,0,0,0,1,1,0
520256,0,0,0,1,1,1,1,0,0,0,0,0,0
520259,0,0,1,1,1,0,1,1,0,0,1,0,0
520260,0,1,1,1,1,0,0,1,0,1,1,0,1
520261,1,1,1,0,1,1,0,1,1,0,1,0,0
520262,1,1,1,0,1,1,1,1,1,1,1,1,1
520264,0,0,0,0,1,0,0,1,1,1,1,1,1
520268,1,1,1,1,1,1,1,1,1,1,1,1,0
520269,0,0,0,0,0,0,0,0,0,0,0,0,0
520271,0,0,0,0,1,0,0,0,0,0,0,0,0
520273,1,1,0,1,1,1,0,1,1,1,1,1,0
520277,0,0,0,0,0,0,0,0,0,0,1,0,0
520283,1,1,1,1,1,1,1,1,0,1,1,1,1
520293,0,0,0,0,1,0,0,0,0,0,0,0,0
520297,1,0,1,1,1,1,1,1,0,1,1,0,0
520298,0,0,0,0,0,0,0,0,0,0,0,0,0
520303,0,0,0,0,1,0,0,0,0,0,0,0,0
520312,1,1,1,1,1,1,1,1,0,0,0,0,0
520313,1,1,1,1,1,1,1,1,0,1,1,0,0
520317,1,1,1,1,1,1,1,1,1,1,1,1,1
520318,1,1,1,1,1,1,1,1,0,1,1,0,1
520319,0,0,0,0,0,0,0,0,0,0,0,1,1
520321,0,0,0,0,0,0,0,0,0,0,0,1,1
520323,1,1,1,1,1,1,1,1,0,1,1,1,0
520324,0,0,0,0,0,0,0,0,0,0,0,1,1
520327,1,1,1,1,1,1,1,1,0,1,1,0,1
520329,0,1,0,0,1,1,0,0,0,0,1,0,0
520330,1,1,0,1,1,1,0,1,0,1,1,1,1
520331,1,0,1,1,1,1,1,1,0,1,1,1,1
520332,0,0,0,0,0,0,0,1,0,1,1,1,0
520333,0,0,0,0,0,0,0,0,0,0,0,0,0
520338,0,0,0,0,0,0,0,0,0,0,0,0,0
520346,1,0,1,0,1,0,0,0,0,0,0,0,0
520349,0,0,0,0,1,0,0,0,0,0,0,0,0
520351,0,0,0,1,1,1,1,1,0,0,0,0,0
520354,0,0,0,0,1,0,0,0,0,0,0,0,0
520355,0,0,0,0,0,0,0,1,0,0,0,0,0
520356,0,0,0,0,1,1,0,1,0,0,0,0,0
520357,0,0,0,0,0,0,0,0,0,0,0,0,0
520358,0,0,0,0,1,0,0,0,0,0,0,0,0
520359,0,0,0,0,1,0,0,0,0,0,0,0,0
520360,0,0,0,0,1,0,0,0,0,1,0,0,1
520362,1,1,1,1,1,1,1,0,0,1,1,1,1
520366,0,0,0,1,0,0,0,1,0,0,0,0,0
520367,0,0,0,0,0,0,0,0,0,0,1,1,0
520368,0,0,0,1,1,1,1,1,0,1,1,1,0
520371,0,0,0,0,1,0,0,0,0,0,0,0,0
520372,1,1,0,1,0,1,1,1,0,1,0,1,1
520373,0,0,0,0,0,0,0,0,0,0,0,0,0
520375,1,1,1,0,1,1,1,1,0,1,1,1,1
520383,0,0,0,0,0,0,0,0,0,0,0,0,0
520384,1,1,0,1,1,1,1,1,0,0,0,0,0
520385,1,1,1,1,1,1,1,1,0,1,1,1,1
520386,0,0,0,0,0,0,0,0,0,0,0,0,1
520387,0,1,1,0,1,0,0,0,0,0,0,0,0
520388,0,0,0,0,1,0,0,0,0,0,0,0,0
520390,0,0,0,0,0,0,0,0,0,0,0,0,0
520391,0,0,0,0,0,0,0,0,0,0,0,0,0
520393,0,0,0,0,0,0,0,0,0,0,0,1,0
520403,1,1,1,1,1,1,1,0,0,0,0,0,0
520405,1,1,0,1,1,1,1,1,0,1,1,1,0
520406,0,0,0,1,0,0,1,1,1,0,1,0,0
520407,1,1,0,0,1,1,0,1,0,0,0,0,0
520411,0,0,0,0,1,1,0,0,0,0,0,0,0
520412,1,1,1,1,1,1,1,1,1,1,1,0,0
520413,0,0,1,0,1,0,1,0,0,0,0,1,0
520414,0,0,0,0,0,0,0,0,0,0,0,0,0
520418,0,1,1,1,1,1,1,0,0,0,0,1,0
520421,0,0,1,1,1,0,1,1,0,0,0,1,0
520426,0,0,0,0,0,0,0,0,0,0,0,0,0
520427,0,0,0,0,0,0,0,0,0,0,0,0,0
520428,1,1,0,0,1,1,1,1,0,0,1,0,1
520429,0,0,0,0,0,0,0,0,0,0,0,0,0
520430,0,0,1,1,1,0,0,1,0,1,1,0,1
520434,0,1,0,1,0,1,0,0,0,0,1,1,0
520436,0,0,0,1,1,1,1,1,0,0,1,1,0
520438,1,1,1,1,1,1,1,1,0,1,1,0,1
520443,0,0,0,0,0,0,0,0,0,0,1,0,0
520444,0,0,0,0,0,0,0,0,0,0,0,0,0
520446,0,0,0,1,0,1,0,1,0,0,0,0,0
520448,0,0,0,0,0,0,0,0,0,0,0,1,1
520450,0,0,0,0,1,0,0,1,0,0,1,1,1
520451,0,0,0,0,0,0,0,0,0,0,0,0,1
520453,0,1,0,0,0,0,0,0,0,0,0,1,1
520454,1,1,0,1,1,1,1,0,0,0,0,1,1
520455,1,1,0,1,1,1,1,1,0,0,1,1,1
520456,0,0,0,0,1,1,0,0,0,0,0,0,0
520457,0,1,0,0,1,0,0,0,0,0,0,0,1
520458,0,0,0,0,1,0,0,0,0,0,0,0,0
520460,0,0,0,0,0,0,0,0,0,0,0,0,1
520465,0,0,0,0,0,0,0,0,0,0,1,0,0
520468,0,0,0,0,0,0,0,0,0,0,0,0,0
520469,0,0,0,0,0,0,0,0,0,0,0,1,0
520480,1,1,0,1,1,1,1,1,0,1,1,0,0
520482,0,0,0,0,1,0,0,0,0,0,0,0,0
520483,0,0,0,0,1,0,0,1,0,0,0,0,0
520484,0,0,0,0,1,0,0,1,1,0,0,1,0
520508,0,0,0,0,0,0,0,0,0,0,0,0,0
520510,0,0,0,0,0,0,0,0,0,0,1,0,0
520512,0,0,0,0,0,0,0,0,0,0,0,1,0
520515,0,0,0,0,1,0,0,1,0,0,1,1,1
520520,1,1,1,1,1,1,1,1,0,0,1,1,0
520522,0,1,0,0,0,0,0,0,0,0,0,0,0
520527,0,0,0,0,0,0,0,0,0,0,1,0,0
520529,0,0,0,0,1,0,0,0,0,0,1,1,0
520533,0,0,0,0,0,0,0,0,0,0,0,0,0
520534,0,0,0,0,1,0,0,0,0,0,0,0,0
520535,0,0,0,0,1,1,0,0,0,0,0,0,0
520539,0,0,0,0,0,0,0,0,0,0,0,0,0
520540,0,0,0,0,0,0,0,0,0,0,0,0,0
520542,1,0,1,1,1,1,1,0,0,1,1,0,0
520545,0,0,0,0,1,0,0,0,0,0,0,0,0
520546,1,0,0,0,0,0,0,0,0,0,0,0,0
520549,1,1,1,1,1,1,1,1,1,1,1,0,0
520552,0,0,0,0,0,0,0,0,0,0,0,0,0
520553,0,0,0,0,0,0,0,0,0,0,0,0,0
520555,1,1,1,1,1,1,1,0,0,0,0,1,0
520557,0,0,0,0,0,0,0,0,0,0,0,0,0
520558,0,1,1,1,1,0,1,0,0,0,0,0,0
520559,0,0,0,0,0,0,0,0,0,0,0,0,0
520565,0,1,1,0,1,1,1,0,0,1,1,0,0
520570,0,0,0,0,0,0,0,0,0,0,0,0,0
520571,0,0,0,0,0,0,0,0,0,0,0,0,0
520576,0,0,0,0,1,1,0,0,0,0,0,0,0
520577,0,0,0,0,0,0,0,0,0,0,0,0,0
520578,1,1,1,1,1,1,1,1,0,0,0,0,0
520581,0,0,0,0,0,1,0,1,0,1,0,1,0
520588,0,0,0,0,1,0,0,0,0,0,0,0,0
520589,1,1,1,1,1,1,1,1,0,1,1,0,0
520594,0,0,0,0,0,0,0,0,0,0,1,0,0
520597,0,0,0,0,1,0,0,0,0,0,0,0,0
520605,0,0,0,0,1,0,0,0,0,0,0,0,0
520607,0,0,0,0,1,0,0,0,0,0,0,0,0
520610,0,0,0,0,0,0,0,0,0,0,0,0,0
520611,0,0,0,0,0,0,0,0,0,0,0,0,0
520642,0,1,1,1,1,1,1,0,0,0,0,0,0
520651,0,0,0,0,1,0,0,0,0,0,1,0,0
520657,1,1,1,1,1,1,1,1,0,1,1,1,1
520680,0,0,1,0,0,0,1,0,0,0,0,0,0
520688,0,0,0,0,0,0,0,0,0,0,1,1,0
520696,0,0,1,1,0,1,1,0,0,0,0,0,0
520701,0,0,0,0,1,1,0,1,0,0,1,0,1
520704,1,1,1,1,1,1,1,1,1,1,1,1,1
520712,0,0,0,0,1,0,0,0,0,0,0,0,0
520714,0,0,0,0,0,0,0,0,0,0,0,0,1
520715,0,1,0,0,1,1,0,0,0,0,1,0,0
520723,1,1,1,1,1,1,0,0,0,0,0,0,0
520724,0,0,0,0,1,0,0,0,0,0,0,0,0
520725,0,0,0,0,0,0,0,0,0,0,0,0,0
520728,0,0,0,0,0,0,0,0,0,0,0,0,0
520730,0,0,0,0,0,0,0,0,0,0,0,0,0
520732,0,0,0,0,0,0,0,0,0,0,0,0,0
520735,0,0,0,0,0,0,0,0,0,0,0,0,0
520784,0,0,0,0,0,0,0,0,0,0,0,0,0
520796,0,0,1,1,1,1,1,0,0,1,1,0,0
520815,0,0,0,0,0,0,0,0,0,0,0,0,0
