bysex,bystlang,byincome,stu_exp,par_asp,mth_read,mth_test,rd_test,freelnch,stu_tch,putdownt,safe,disrupt,gangs,rac_fght,fair,strict,stolen,drugs,t_hurt,p_fight,hit,damaged,bullied,late,skipped
2,1,10,3,5,56.21,52.11,59.53,5,2,1,3,3,2,1,3,3,1,1,1,1,1,1,1,3,3
2,0,8,7,5,51.96,66.32,37.35,5,2,3,3,3,3,2,2,2,1,1,1,1,1,1,2,1,1
1,1,6,2,5,36.81,35.11,40.19,7,3,2,1,2,NA,4,4,2,1,1,1,1,1,1,1,4,2
2,0,11,5,5,52.56,59.07,45.73,3,3,2,3,3,2,4,4,2,3,1,2,2,2,1,1,3,4
2,0,9,6,7,53.45,54.7,51.77,6,3,3,3,2,2,3,3,2,1,1,1,1,1,1,1,3,2
2,1,4,5,6,45.97,43.88,48.57,6,2,3,4,3,NA,3,2,2,1,1,1,1,1,1,1,2,1
1,NA,9,NA,2,NA,NA,NA,6,NA,NA,NA,NA,NA,NA,NA,NA,NA,NA,NA,NA,NA,NA,NA,NA,NA
2,1,5,3,3,52.02,50.79,53,2,2,4,3,1,3,3,2,2,1,1,3,1,1,1,3,1,1
2,1,8,6,5,46.98,47.63,46.72,6,NA,NA,NA,NA,NA,NA,NA,NA,NA,NA,NA,NA,NA,NA,NA,NA,NA
1,1,9,2,3,41.69,44.99,39.45,3,2,3,3,2,3,1,2,3,1,1,2,1,3,1,2,3,1
1,1,12,NA,6,66.52,75.98,54.97,1,2,4,4,3,3,4,2,2,2,1,1,2,2,1,1,1,1
2,1,12,6,7,75.55,72.17,75.68,1,2,3,4,3,4,4,2,3,1,1,1,1,1,1,1,2,2
2,1,11,5,6,58.12,58.64,56.58,1,2,3,2,3,3,3,2,2,2,1,1,1,1,1,1,3,1
1,1,10,5,5,55.43,55.57,54.61,1,2,3,3,3,3,3,2,3,1,1,2,1,2,1,1,5,1
NA,NA,11,NA,5,57.68,56.16,58.22,1,NA,NA,NA,NA,NA,NA,NA,NA,NA,NA,NA,NA,NA,NA,NA,NA,NA
1,1,6,5,6,61.52,60.32,61.26,1,2,3,3,2,4,3,2,2,2,3,1,1,1,1,1,4,2
1,1,11,3,3,47.09,52.65,41.91,1,2,3,3,2,3,3,3,2,1,1,1,1,1,1,1,1,1
1,1,11,6,5,60.39,64.24,55.22,2,2,3,4,3,3,3,2,2,1,2,1,1,1,1,1,2,1
1,1,12,5,5,63.64,66.26,59.29,2,2,3,3,2,3,3,2,2,1,1,1,1,1,1,2,1,1
1,0,12,7,7,56.6,57.39,54.97,NA,2,2,3,3,4,3,4,1,1,1,2,1,2,1,1,1,1
1,1,10,6,5,60.35,63.54,55.84,5,2,4,3,3,3,3,2,3,1,1,2,1,1,1,1,1,1
1,1,13,6,7,51.25,54.28,48.07,NA,NA,NA,NA,NA,NA,NA,NA,NA,NA,NA,NA,NA,NA,NA,NA,NA,NA
1,1,10,5,5,56.43,53.49,58.55,NA,1,3,4,3,3,3,2,2,1,1,1,1,1,1,1,1,1
2,1,11,5,6,38.08,38,39.69,NA,3,3,4,4,4,2,4,3,2,3,1,1,1,1,1,4,1
2,0,10,6,5,45.74,47.64,44.38,NA,2,4,3,3,3,3,3,2,1,1,1,1,1,1,1,1,1
2,1,10,6,5,52.2,50.38,53.74,1,2,3,3,3,3,3,3,2,1,2,1,1,1,1,1,2,1
2,1,10,5,6,62.57,55.64,67.91,1,2,2,3,1,3,4,3,3,2,1,1,1,1,1,2,2,1
2,1,9,6,7,59.49,54.06,63.72,1,2,3,3,3,3,3,2,2,1,1,1,1,1,1,1,3,1
1,1,10,7,6,59.14,64.98,52.14,1,2,3,4,4,4,4,3,2,1,1,1,1,1,1,1,3,1
2,1,6,NA,3,45.98,43.29,49.18,1,2,3,2,3,2,3,3,2,2,2,1,1,2,1,2,2,1
2,1,10,4,3,50.86,48.36,53.25,1,2,3,4,2,4,4,3,2,2,2,3,1,1,2,3,2,1
1,1,10,5,5,68.37,67.73,66.68,1,2,3,4,4,4,4,4,3,1,1,1,1,1,3,1,2,1
1,1,9,5,6,63.61,62.38,63.11,1,2,4,4,2,3,3,2,2,1,1,1,1,1,1,1,2,1
1,1,11,5,5,43.69,44.68,43.51,NA,2,3,3,3,3,2,2,2,1,1,1,1,1,1,1,2,1
2,1,11,7,5,51.37,46.86,55.71,NA,3,4,4,2,4,4,2,2,1,1,1,1,1,1,1,2,1
2,1,11,6,6,53.62,53.17,53.62,2,2,3,3,3,3,3,3,2,1,1,1,1,1,1,1,2,1
2,1,10,5,5,51.63,54.36,48.69,NA,2,3,3,3,3,4,2,2,1,1,1,1,1,1,1,2,2
2,1,9,7,6,63.37,58.6,66.44,NA,2,4,3,2,3,4,2,3,1,1,1,1,1,1,1,2,1
1,1,12,5,6,55.03,54.95,54.48,3,2,3,3,4,3,4,2,3,2,2,1,1,1,1,2,1,1
2,1,12,7,5,62.26,56.77,66.19,3,1,4,4,4,4,4,1,1,1,1,1,1,1,1,1,1,1
2,0,9,5,5,51.39,52.18,50.42,1,2,4,3,3,4,3,2,3,1,2,1,1,1,1,1,2,1
2,1,11,6,5,39.59,46.97,33.53,1,2,3,4,3,3,3,2,1,2,1,1,1,1,1,1,2,2
1,1,10,7,5,57.03,57.33,55.84,1,2,4,3,1,4,4,1,2,1,1,1,1,1,1,1,1,1
1,0,12,5,5,33.63,35.69,33.66,4,1,1,1,2,4,1,2,4,2,3,2,1,2,1,2,1,1
1,1,13,1,5,29.58,29.1,32.67,5,4,3,3,2,1,1,2,2,3,1,2,1,2,3,3,3,3
1,1,7,5,5,45.35,42.24,49.06,5,2,3,3,NA,2,2,3,2,1,1,1,1,NA,1,1,2,1
1,1,11,5,5,43.97,49.27,39.45,5,2,3,3,2,2,2,3,4,1,3,1,2,1,1,1,3,5
2,0,5,7,7,51.68,50.03,53.13,2,2,3,2,2,1,1,3,2,1,1,1,NA,NA,NA,NA,1,1
1,1,8,3,3,34.84,38.95,32.67,2,3,4,4,3,2,4,3,3,1,3,1,1,1,1,1,1,3
2,1,6,7,5,52.51,53.68,51.03,1,2,NA,NA,NA,NA,NA,1,1,NA,NA,NA,NA,NA,NA,NA,NA,1
2,1,11,6,7,54.63,48.41,60.27,4,2,4,4,1,3,3,4,3,2,1,1,1,1,1,1,2,1
1,0,5,6,7,60.93,62.29,58.18,4,2,3,4,4,3,3,2,2,2,1,1,1,2,1,2,2,1
1,1,10,5,5,47.32,50.23,44.75,3,2,3,3,3,3,3,2,3,2,1,2,1,2,1,2,2,1
2,1,9,6,6,51.32,50.83,51.65,3,2,4,4,4,4,4,2,2,1,1,1,1,1,1,1,1,1
2,1,5,2,3,45.08,54.55,36.24,1,2,3,1,2,4,4,4,4,1,3,1,1,1,1,1,2,5
1,1,10,5,5,47.36,52.53,42.53,1,3,3,3,2,2,3,3,4,2,3,2,2,2,2,3,2,2
1,1,11,5,5,60.58,58.56,61.26,2,2,3,2,2,2,3,3,2,1,1,2,1,1,2,1,1,1
2,1,11,5,5,49.46,48.94,50.05,2,3,4,4,2,4,4,2,2,1,1,2,1,1,1,2,1,1
2,1,11,5,7,58.51,58.63,57.32,1,3,4,4,3,3,2,3,2,2,1,1,1,1,1,1,1,1
NA,NA,5,NA,7,49.03,49.74,48.45,7,NA,NA,NA,NA,NA,NA,NA,NA,NA,NA,NA,NA,NA,NA,NA,NA,NA
NA,NA,9,NA,7,51.01,49.26,52.64,3,NA,NA,NA,NA,NA,NA,NA,NA,NA,NA,NA,NA,NA,NA,NA,NA,NA
2,1,6,7,6,40.04,38.83,42.53,3,1,4,4,4,4,4,1,2,1,1,1,1,1,1,1,3,1
1,1,5,5,7,52.62,50.44,54.48,3,2,4,3,4,3,4,3,2,1,2,1,2,1,1,1,2,2
1,0,8,7,7,42.67,42.51,43.76,3,2,3,3,2,3,2,2,2,2,1,1,2,1,1,2,3,1
1,0,9,6,5,46.07,47.15,45.49,2,2,3,4,4,4,4,2,2,3,1,1,1,1,2,1,5,1
2,1,10,NA,3,43.71,42.61,45.61,2,2,3,3,1,2,2,3,1,1,1,1,1,1,1,1,1,1
1,1,10,5,2,55.29,56.42,53.5,2,3,3,4,3,3,2,4,3,2,3,1,2,1,1,1,3,2
2,1,10,4,5,31.78,30.51,35.38,NA,3,3,2,2,3,3,3,2,1,1,1,1,1,1,3,3,1
2,1,5,5,6,50.75,47.16,54.24,NA,3,3,3,3,4,4,4,3,1,1,1,1,1,1,1,1,1
1,1,10,5,5,39.79,38.48,42.41,3,3,3,3,2,2,3,2,3,2,1,NA,1,NA,NA,NA,2,1
2,1,12,4,3,44.5,41.75,47.95,3,4,2,4,4,4,4,3,1,1,1,1,2,1,1,1,5,5
2,1,10,3,3,51.08,47.41,54.61,3,3,2,2,3,2,1,4,3,2,1,2,2,2,1,1,2,1
1,1,10,7,3,59.05,61.74,55.22,3,2,4,3,1,2,3,2,2,1,1,1,1,1,1,1,2,1
2,1,9,7,5,36.89,34.41,41.05,6,2,3,3,2,4,3,3,2,3,1,1,1,1,1,1,2,3
2,0,6,7,3,46.16,44.61,48.2,6,3,4,3,3,2,3,2,2,1,1,1,1,1,1,1,1,1
1,1,10,5,5,51.71,47.25,55.96,4,2,4,4,4,2,3,2,1,1,1,1,1,1,1,1,3,1
2,1,11,NA,3,37.41,41.17,35.26,4,NA,NA,NA,NA,NA,NA,NA,NA,NA,NA,NA,NA,NA,NA,NA,NA,NA
1,1,10,5,7,59.81,63.28,55.1,4,NA,NA,NA,NA,NA,NA,NA,NA,NA,NA,NA,NA,NA,NA,NA,NA,NA
1,1,12,5,5,53.44,53.08,53.37,NA,2,3,3,3,2,2,4,3,2,1,2,1,2,2,NA,3,1
2,1,11,5,6,58.27,57.07,58.43,NA,2,3,3,2,1,1,2,3,1,1,1,1,1,1,3,1,1
1,1,6,2,2,44.49,46.54,43.14,7,2,3,3,2,1,4,3,2,2,1,1,1,1,2,3,5,3
2,1,6,5,6,43.52,43.61,44.25,4,2,3,4,3,4,3,2,2,1,1,1,1,1,1,1,3,1
1,1,9,6,6,62.31,60.19,62.86,3,2,4,4,2,2,3,2,3,1,1,1,1,1,1,1,2,1
1,1,10,NA,6,72.12,68.46,72.97,5,2,4,4,3,3,3,2,2,1,1,1,1,1,1,1,2,1
NA,NA,11,NA,5,52.62,52.05,52.87,3,NA,NA,NA,NA,NA,NA,NA,NA,NA,NA,NA,NA,NA,NA,NA,NA,NA
2,1,9,6,6,45.51,42.42,49.18,3,3,3,3,1,3,3,2,2,1,1,1,1,1,1,1,2,1
1,1,9,6,6,55.82,60.49,50.42,1,2,3,3,3,3,3,3,1,1,1,1,1,1,1,1,1,1
1,0,9,7,7,69.75,74.38,62.61,1,1,4,4,3,3,4,2,2,1,1,1,1,1,1,1,1,1
2,0,8,5,5,37.76,40.35,36.74,NA,3,4,4,1,4,3,3,3,1,1,1,1,1,1,2,4,2
1,1,9,3,3,54.54,58.34,50.17,3,2,4,4,4,2,3,2,3,1,1,2,1,1,1,1,1,1
2,1,9,6,5,44.79,44.02,46.23,1,2,3,3,2,2,4,2,2,2,1,1,1,1,1,2,2,4
1,1,2,3,5,40.98,44.78,38.34,2,4,1,4,3,4,4,3,1,1,3,2,1,1,1,2,4,3
1,1,10,5,6,44.65,51.76,38.22,2,2,3,3,4,2,3,4,2,2,3,1,1,3,2,2,3,2
2,1,9,2,5,37.72,42.49,34.52,3,3,3,2,2,2,2,3,3,2,2,1,NA,1,1,1,4,3
1,1,1,NA,2,44.45,54.47,35.14,NA,2,3,3,3,3,2,2,2,1,1,2,2,2,1,1,5,1
1,1,11,2,2,36.69,42.53,32.55,NA,2,3,2,2,3,2,2,3,1,3,1,1,1,1,1,3,1
2,1,10,6,5,47.34,46.08,48.94,1,2,4,4,2,4,3,2,3,1,2,1,2,2,1,1,2,3
2,1,10,7,7,46.56,43.76,49.8,5,3,3,3,2,3,2,2,3,2,3,2,1,1,1,2,3,1
2,1,8,7,5,53.93,47.95,59.41,NA,2,3,3,3,3,3,3,3,1,1,1,1,1,1,1,3,1
1,1,8,6,5,52.16,58.93,45.12,3,2,4,3,1,3,3,2,2,1,1,1,1,1,1,1,3,1
2,1,11,6,6,51.64,47.36,55.71,1,2,3,3,4,3,4,3,2,1,1,2,1,1,1,2,2,1
1,NA,9,NA,5,NA,NA,NA,1,NA,NA,NA,NA,NA,NA,NA,NA,NA,NA,NA,NA,NA,NA,NA,NA,NA
1,1,10,5,4,48.97,46.06,52.02,1,2,3,4,2,4,4,2,2,1,1,1,1,1,1,1,1,1
1,1,9,5,5,48.59,56.32,41.05,2,2,3,3,2,3,3,2,2,1,3,1,2,1,2,1,3,2
1,1,9,5,5,53.64,54.31,52.51,2,3,2,3,3,3,3,4,4,2,2,1,1,1,1,1,2,1
1,1,9,2,3,40.12,36.15,45.36,2,2,3,1,2,3,2,2,2,2,2,1,3,3,2,1,2,2
1,1,5,7,5,62.98,62.8,61.51,1,2,4,4,4,2,3,2,2,2,1,2,1,1,1,3,2,1
2,1,12,7,6,54.82,54.56,54.48,3,NA,NA,NA,NA,NA,NA,NA,NA,NA,NA,NA,NA,NA,NA,NA,NA,NA
1,1,10,2,2,45.53,48.37,43.27,2,NA,NA,NA,NA,NA,NA,NA,NA,NA,NA,NA,NA,NA,NA,NA,NA,NA
1,1,9,5,5,54.96,51.12,58.18,2,2,3,3,1,3,3,1,3,1,2,1,1,1,1,1,2,1
1,1,10,2,3,51.93,58.12,45.49,2,2,3,4,4,3,2,4,2,1,1,1,1,1,1,1,2,1
1,1,6,3,5,52.64,53.79,51.15,2,2,2,3,2,3,3,2,2,1,1,1,1,1,1,1,3,1
NA,NA,10,NA,6,52.39,53.13,51.35,NA,NA,NA,NA,NA,NA,NA,NA,NA,NA,NA,NA,NA,NA,NA,NA,NA,NA
2,1,9,7,7,47.11,45.79,48.81,NA,NA,NA,NA,NA,NA,NA,NA,NA,NA,NA,NA,NA,NA,NA,NA,NA,NA
1,1,9,3,3,53.06,55.68,50.05,3,2,3,4,3,3,3,2,3,2,2,1,1,1,2,1,2,1
1,1,9,6,5,43.66,39.33,48.81,3,2,4,4,1,3,4,1,1,1,1,1,1,1,1,1,1,1
2,1,4,5,5,31.78,35.18,30.7,3,2,3,2,2,4,2,4,2,1,1,1,1,1,2,3,1,1
1,1,10,3,3,44.29,44.45,44.87,NA,2,3,3,3,3,3,3,3,1,1,2,1,3,2,3,2,1
1,1,5,NA,7,44.42,45.67,43.88,2,2,2,3,2,1,2,3,3,3,2,3,3,3,2,2,3,3
2,1,9,7,5,57.87,58.17,56.58,NA,2,4,3,2,4,4,3,3,2,1,3,1,1,1,3,1,2
1,1,9,2,3,45.45,47.1,44.38,5,2,3,3,3,3,3,3,1,2,2,1,1,1,1,1,3,5
2,1,11,6,7,71.55,63.34,77.03,2,2,4,4,4,3,4,2,2,1,2,1,1,1,1,1,1,1
2,1,8,4,5,48.92,52.25,45.73,6,2,3,3,2,2,2,3,1,1,2,1,1,1,1,1,2,4
2,1,10,6,6,38.67,35.76,43.02,6,3,3,3,2,2,3,3,2,1,1,1,1,1,1,1,3,2
2,0,9,6,7,67.69,65.09,68.04,3,2,3,3,1,3,3,2,3,1,1,1,1,1,1,1,2,1
1,1,10,7,5,69.86,79.01,58.18,3,2,3,4,3,2,2,2,2,2,2,2,1,2,2,2,2,1
2,0,10,7,7,55.47,58.48,51.77,6,2,3,3,1,3,2,1,2,1,1,1,1,1,1,1,2,1
2,1,10,NA,6,49.05,50.52,47.7,5,2,3,2,3,3,2,NA,2,1,1,1,1,1,1,1,5,3
2,1,11,5,5,49.24,52.73,45.86,2,2,4,3,3,3,3,2,2,1,1,1,1,1,1,1,2,2
1,1,3,4,6,48.35,51.3,45.61,NA,3,3,4,1,1,4,4,1,2,3,1,1,1,1,1,5,2
1,1,10,2,5,34.95,34.47,37.35,3,2,3,1,2,NA,3,4,2,2,3,2,1,2,1,1,5,5
2,0,2,5,7,44.81,46.65,43.64,3,2,3,3,2,3,3,2,2,1,1,1,1,1,1,1,2,1
2,1,13,6,5,43.72,48.92,39.32,1,2,3,3,2,3,3,2,2,1,3,2,1,3,1,3,4,3
2,1,13,7,7,59.88,59.71,58.79,1,2,4,NA,2,3,3,2,3,1,1,1,1,1,1,1,3,1
1,1,12,5,7,49.22,52.08,46.47,2,2,3,3,3,1,2,2,3,2,2,1,1,1,1,1,4,1
1,1,10,5,6,49.92,54.62,45.24,1,1,4,3,4,2,4,3,2,2,1,2,2,1,1,1,3,NA
2,1,7,5,5,43.72,48.8,39.45,3,2,4,3,1,4,2,2,2,1,1,1,1,1,1,1,1,1
2,1,10,6,5,56.85,51.57,61.26,3,2,4,4,3,2,2,1,2,1,1,1,1,1,1,1,2,1
1,1,12,5,5,56.53,60.72,51.52,3,2,3,4,3,3,2,3,2,2,1,1,1,1,1,1,1,2
1,1,9,6,3,47.76,51.06,44.75,3,2,4,3,2,3,3,2,2,1,1,1,2,1,1,1,5,2
1,1,10,3,6,53.7,56.77,50.17,3,3,3,3,3,4,1,4,2,2,2,3,3,3,1,2,3,1
1,1,9,6,5,57.11,55.14,58.18,4,2,3,3,2,3,3,3,2,1,1,1,1,1,1,1,1,1
1,1,9,2,2,36.58,34.81,40.06,NA,2,3,3,3,3,4,3,2,2,1,1,1,2,1,1,2,2
1,1,9,5,7,57.15,58.17,55.22,1,2,4,4,2,2,3,3,2,2,1,1,1,1,1,1,5,1
1,1,13,6,6,55.02,63.67,45.73,4,2,3,3,3,3,3,2,2,2,1,2,1,1,1,1,2,1
2,1,10,5,5,55.33,60.8,49.18,4,2,3,4,3,3,3,2,2,1,1,2,1,1,1,2,1,1
1,1,5,6,6,62.25,52.33,70.62,4,2,3,3,2,4,4,1,2,1,1,1,1,1,1,1,1,1
2,1,6,NA,2,36.71,38.62,36.49,3,3,2,4,3,3,4,3,2,1,1,1,1,1,1,1,3,2
2,1,8,6,6,66.13,61.07,69.15,3,2,3,3,3,2,3,2,2,1,1,1,1,1,1,2,2,1
1,1,2,2,5,35.15,40.63,31.56,4,2,3,3,2,3,2,2,3,2,1,1,1,NA,NA,NA,1,1
1,0,9,2,7,50.75,46.92,54.48,4,3,1,4,4,2,3,4,3,1,1,1,1,1,1,1,3,2
1,1,10,2,5,42.44,41.97,43.88,4,3,3,1,2,1,2,3,3,2,3,1,NA,3,3,1,3,1
2,1,10,5,5,51.22,49.15,53.13,3,2,3,3,3,2,2,2,2,2,1,1,1,1,1,1,5,5
1,1,9,NA,3,53.3,57.25,48.94,4,3,3,3,2,3,2,2,3,2,2,3,1,3,2,1,2,1
1,1,9,6,6,56.78,49.96,62.74,4,2,4,4,3,3,3,2,2,1,1,1,1,1,1,1,1,1
1,1,10,3,5,43.47,40.81,46.96,4,3,3,4,3,4,3,3,2,1,1,1,1,1,1,1,2,1
2,1,9,7,5,49.84,57.55,42.16,3,2,3,4,3,3,3,2,2,2,1,1,1,1,1,1,1,1
2,1,9,NA,3,36.07,41.98,31.93,3,2,4,4,3,4,4,4,2,1,1,1,1,1,1,1,1,1
2,1,9,5,5,50.57,48.81,52.26,3,1,3,4,3,3,3,2,2,2,2,1,1,1,1,1,1,1
1,0,11,5,5,55.97,50.91,60.27,3,2,2,4,2,3,4,3,3,2,1,2,1,1,2,1,5,1
1,1,8,NA,3,37.51,37.66,38.96,5,2,3,3,3,3,3,3,2,2,1,1,1,1,1,1,3,1
2,1,8,7,5,44.89,50.61,39.82,5,2,3,3,2,3,3,2,2,2,1,2,2,2,2,3,1,1
2,1,9,6,6,61.24,57.33,63.72,5,2,3,3,2,3,3,2,3,1,1,1,1,1,1,3,1,1
1,0,10,6,5,40.68,41.01,41.54,7,2,3,3,2,2,3,2,2,2,1,1,1,3,2,1,3,1
2,1,9,7,5,54.57,52.49,56.08,3,3,4,2,2,3,3,3,3,1,1,1,1,3,1,1,2,1
NA,NA,9,NA,6,43.62,46.84,41.22,3,NA,NA,NA,NA,NA,NA,NA,NA,NA,NA,NA,NA,NA,NA,NA,NA,NA
2,1,12,5,6,54.9,52.85,56.33,3,2,4,4,3,4,3,2,3,1,1,1,1,1,1,1,1,1
1,1,8,5,5,51.22,54.21,48.07,7,2,3,3,3,3,3,2,3,1,1,1,1,1,1,1,2,1
1,1,8,4,6,52.57,45.28,59.53,5,4,1,1,2,4,4,4,2,1,1,1,2,2,1,1,5,NA
2,1,10,6,5,45.72,40.1,51.89,2,2,4,4,3,4,4,2,2,1,1,1,1,1,1,1,1,1
2,1,10,5,5,61.58,61.3,60.4,2,2,3,3,3,3,3,3,3,1,1,1,1,1,1,1,1,1
1,1,10,6,6,66.71,70.28,61.01,4,2,3,4,3,4,4,3,3,1,1,1,1,1,1,1,1,1
2,NA,9,NA,5,NA,NA,NA,5,NA,NA,NA,NA,NA,NA,NA,NA,NA,NA,NA,NA,NA,NA,NA,NA,NA
1,1,10,3,6,41.97,40.83,44.13,5,2,3,3,3,3,3,3,2,1,1,1,1,1,1,1,5,1
2,1,7,7,7,35.24,32.05,40.31,5,4,4,3,4,4,4,1,1,1,1,1,1,1,1,1,2,1
2,1,10,5,5,54.05,57.54,50.05,3,2,3,3,1,4,4,3,2,1,1,1,1,1,1,2,2,1
1,1,10,5,5,54.83,60.85,48.2,3,2,4,4,2,3,4,3,2,2,1,1,1,1,1,1,2,1
2,1,5,5,5,53.76,47.51,59.53,5,2,4,4,4,4,4,4,1,1,1,1,1,1,1,1,4,2
1,1,10,6,7,59.71,57.79,60.4,4,NA,NA,NA,NA,NA,NA,NA,NA,NA,NA,NA,NA,NA,NA,NA,NA,NA
2,1,8,NA,7,54.88,53.31,55.84,4,4,1,1,1,3,3,4,1,3,1,3,2,2,2,2,3,1
1,1,10,5,5,61.64,61.53,60.27,5,3,3,3,4,3,4,3,2,1,2,1,1,1,1,1,4,1
2,1,9,5,5,49.19,48.31,50.17,4,2,3,4,3,3,3,2,2,2,1,1,2,2,1,1,1,2
2,1,8,5,4,44.59,48.21,41.67,4,2,3,4,3,4,4,2,3,2,1,1,1,1,1,1,2,3
1,1,9,4,5,50.46,55.01,45.86,4,2,3,3,4,1,2,2,2,3,3,2,2,1,2,1,3,4
1,1,12,7,6,64.38,72.21,54.73,1,2,4,3,3,4,4,3,2,1,1,1,1,1,1,1,1,1
2,1,10,6,5,64.59,60.76,66.56,3,2,4,4,4,3,3,NA,3,3,1,1,1,1,1,1,2,4
2,1,9,NA,2,45.67,39.76,52.14,3,2,3,3,3,3,3,3,2,1,1,1,1,1,1,1,3,2
2,0,7,1,7,32.64,34.57,32.92,1,1,4,2,3,4,4,4,2,1,1,1,1,2,1,1,5,1
1,1,9,5,5,42.83,42.82,43.76,6,2,4,4,1,4,4,3,2,2,1,1,2,1,1,1,2,3
2,1,9,5,7,34.68,41.6,29.71,3,4,3,3,4,3,3,4,3,2,1,1,1,2,2,1,2,1
1,1,7,5,6,30.59,32.09,31.56,3,2,3,3,1,1,2,3,2,2,2,1,2,2,1,2,1,1
1,1,7,5,3,48.35,56.36,40.56,3,3,3,2,2,1,1,4,2,2,1,3,3,3,2,1,2,1
1,1,3,5,5,51.9,51.06,52.51,4,2,3,3,2,3,2,1,1,1,1,1,1,1,1,1,1,1
2,1,10,7,5,54.3,51.72,56.33,1,2,3,4,2,2,3,3,2,2,1,1,1,1,1,1,2,1
2,1,11,5,6,49.02,49.6,48.57,3,2,3,4,3,3,3,3,2,1,1,1,1,1,1,1,2,1
1,1,10,5,5,42.9,43.19,43.51,3,2,3,3,2,NA,2,2,3,1,1,1,1,1,1,1,2,1
1,1,4,5,5,31.18,35.29,29.47,4,2,3,3,2,4,2,4,2,3,1,1,1,2,2,1,1,2
2,1,10,7,7,39.23,37.8,42.04,5,1,4,4,4,4,4,3,1,1,1,1,1,1,1,1,2,1
1,1,12,6,6,60.29,63.06,56.21,2,2,3,4,4,4,4,1,2,3,1,1,1,3,1,2,2,1
2,1,5,7,7,52.36,51.3,53.13,2,NA,NA,NA,NA,NA,NA,NA,NA,NA,NA,NA,NA,NA,NA,NA,NA,NA
2,0,9,5,5,46.49,46.97,46.47,2,2,3,3,2,3,4,2,3,1,1,1,1,1,1,1,3,1
1,1,6,2,5,46.77,54.39,39.57,6,3,3,3,3,3,3,3,2,2,3,1,1,1,1,1,4,1
1,1,9,3,3,45.35,46.06,45.24,2,NA,NA,NA,NA,NA,NA,NA,NA,NA,NA,NA,NA,NA,NA,NA,NA,NA
NA,NA,8,NA,2,52.95,52.65,52.87,5,NA,NA,NA,NA,NA,NA,NA,NA,NA,NA,NA,NA,NA,NA,NA,NA,NA
1,1,8,7,5,44.78,46.84,43.39,5,2,3,2,1,3,4,3,2,3,3,1,1,2,1,1,2,1
2,1,10,5,5,36.54,32.75,42.04,3,3,4,NA,2,3,2,2,3,2,1,2,1,1,1,1,1,1
2,0,9,6,5,65.65,62.27,67.05,1,2,3,3,3,3,3,2,2,1,1,1,1,1,1,1,1,1
1,1,12,6,5,71.63,72.36,68.16,1,2,2,3,2,3,3,2,3,2,2,1,1,2,1,1,2,1
1,1,12,7,6,57.34,55.08,58.67,1,2,2,4,3,1,1,4,2,3,3,2,1,2,2,3,1,2
2,0,8,6,6,61.56,56.21,65.45,1,2,3,3,1,3,3,2,2,1,1,1,1,1,1,1,2,1
1,1,8,NA,2,33.3,33.72,35.01,1,3,3,3,2,2,2,3,2,1,1,1,3,2,1,1,1,1
2,0,12,7,7,61.1,56.46,64.34,NA,3,2,2,2,3,2,3,3,2,1,3,2,2,2,2,2,1
2,1,12,7,7,66.26,64.39,66.07,NA,2,3,3,2,2,3,2,2,1,1,1,1,1,1,2,1,1
1,1,10,5,5,49.96,50.38,49.55,1,2,4,3,2,4,4,3,3,1,1,1,1,1,1,1,2,1
2,1,9,7,2,49.43,43.84,55.1,1,2,3,3,3,3,3,2,3,1,1,1,1,1,1,1,3,NA
1,1,12,5,5,42.76,40.34,46.1,1,3,1,2,2,2,4,3,2,1,1,1,1,1,1,2,2,1
2,1,8,5,5,56.99,56.89,56.21,1,2,3,3,3,3,3,2,2,1,1,1,1,1,1,1,5,1
1,1,10,5,5,47.23,45.38,49.43,1,2,3,3,2,1,2,2,2,3,3,1,2,1,1,1,2,1
2,1,7,7,6,54.4,46.49,61.75,5,2,3,3,3,3,3,3,2,1,1,1,1,2,1,1,1,1
1,1,9,3,7,30.14,31.62,31.19,3,2,4,4,2,3,3,2,2,1,1,1,1,1,1,1,3,2
2,1,10,6,6,52.4,53.58,50.91,2,3,3,3,3,2,3,2,3,1,2,1,1,1,1,1,3,1
2,1,12,6,7,56.42,57.29,54.73,2,2,3,3,2,2,3,2,3,1,3,1,1,1,1,3,3,2
2,1,11,6,7,59.16,55.9,61.26,1,4,4,3,2,2,3,4,3,NA,2,2,1,1,2,2,2,1
2,1,9,3,3,43.34,46.23,41.3,1,2,3,4,3,3,2,3,3,1,2,1,1,1,1,1,4,3
2,1,11,5,5,56.4,57.51,54.48,1,NA,NA,NA,NA,NA,NA,NA,NA,NA,NA,NA,NA,NA,NA,NA,NA,NA
1,1,12,6,5,44.26,45.61,43.64,1,2,4,4,3,4,4,2,2,1,1,1,1,1,1,1,3,1
2,1,10,3,3,46.92,45.06,49.18,3,2,4,3,3,3,2,2,2,1,2,1,1,1,1,2,1,2
1,1,8,2,5,43.01,45.01,41.91,1,3,2,2,3,4,3,3,1,2,1,1,2,2,1,1,3,3
2,1,12,NA,5,40.3,38.94,42.9,1,2,2,3,2,4,1,2,4,1,2,1,3,1,2,1,3,5
1,1,9,5,5,49.78,50.05,49.55,2,NA,NA,NA,NA,NA,NA,NA,NA,NA,NA,NA,NA,NA,NA,NA,NA,NA
1,1,8,5,5,48.77,53.7,44.01,5,3,3,3,2,2,2,4,2,2,2,1,1,1,2,1,2,1
1,1,13,5,5,54.06,51.03,56.58,1,3,3,3,4,NA,4,NA,2,1,1,2,1,1,1,1,3,1
2,1,12,2,5,32.93,28.09,39.94,1,3,1,4,4,4,2,4,1,1,1,2,1,1,1,2,4,1
1,1,8,5,6,58.34,55.59,60.03,6,1,3,4,3,2,2,1,2,1,1,1,1,2,1,2,2,1
2,1,9,5,5,61.73,56.27,65.7,4,2,4,4,3,3,4,NA,1,1,1,1,1,1,1,1,1,1
NA,NA,10,NA,6,49.63,52.77,46.54,6,NA,NA,NA,NA,NA,NA,NA,NA,NA,NA,NA,NA,NA,NA,NA,NA,NA
NA,NA,8,NA,6,45.29,43.33,47.85,6,NA,NA,NA,NA,NA,NA,NA,NA,NA,NA,NA,NA,NA,NA,NA,NA,NA
2,1,12,6,5,78.38,74.4,78.76,4,2,3,3,2,2,3,3,2,2,2,1,1,1,2,3,3,2
2,1,11,6,7,53.11,52.69,53.13,5,3,2,2,2,3,3,4,2,2,2,3,2,1,2,2,1,2
2,1,9,7,5,53.04,49.99,55.71,4,2,4,4,4,4,4,2,2,1,1,1,2,1,1,1,3,1
2,1,10,7,5,53.09,50.69,55.1,3,2,3,3,3,3,3,3,3,2,2,3,1,1,2,2,3,3
1,1,1,5,5,59.54,57.35,60.52,4,2,3,3,2,3,3,3,1,1,1,1,1,1,1,1,1,1
1,1,7,6,6,61.82,58.79,63.35,5,2,3,4,3,4,4,2,2,2,1,1,1,1,1,1,1,1
1,1,9,NA,7,62.31,56.87,66.19,7,2,4,2,2,3,3,2,3,2,2,1,1,2,1,2,1,1
2,1,4,NA,7,41.09,39.68,43.64,7,2,4,4,4,3,3,2,3,1,1,1,1,2,1,1,2,1
1,1,10,5,5,46.99,50.48,43.88,4,2,3,3,3,3,3,2,3,1,1,1,1,1,1,1,2,1
2,1,7,5,5,43.79,41.04,47.33,4,2,3,3,3,3,3,2,2,1,1,1,1,1,1,1,3,1
1,1,10,6,6,60.88,59.74,60.64,4,2,4,4,2,NA,3,2,2,1,1,1,1,1,1,1,2,1
1,1,7,3,3,48.01,51.53,44.75,4,2,2,2,3,1,2,2,2,2,3,3,2,2,2,2,1,2
2,1,12,7,7,68.14,69.51,64.46,3,2,3,4,3,4,4,2,2,1,1,1,1,1,1,1,5,1
1,1,11,6,5,48,44.86,51.4,3,2,4,4,3,3,3,3,2,1,1,1,1,1,1,1,4,2
1,1,13,7,7,74.37,78.35,67.3,3,2,3,4,3,3,3,2,2,2,1,1,1,1,1,1,3,1
2,1,10,5,7,36.97,36.65,38.96,5,2,4,4,1,3,3,1,2,2,1,1,1,1,1,1,1,1
NA,NA,8,NA,5,47.24,47.44,47.4,4,NA,NA,NA,NA,NA,NA,NA,NA,NA,NA,NA,NA,NA,NA,NA,NA,NA
2,1,10,7,7,69.54,67.33,69.27,4,2,4,3,2,4,3,1,2,2,1,1,1,1,1,1,2,1
2,1,8,2,6,38.91,37.57,41.67,3,2,3,2,2,3,3,3,2,1,2,1,1,1,1,1,2,1
1,1,7,5,6,50.05,49.92,50.17,3,2,3,4,2,3,4,3,1,1,1,1,1,1,1,1,1,1
1,1,11,6,5,46.74,55.3,38.59,4,2,3,3,3,2,2,3,3,1,2,1,1,1,1,1,3,1
1,1,8,4,6,30.32,34.05,29.1,4,2,1,3,1,4,1,NA,2,1,NA,NA,NA,1,1,NA,2,2
2,1,10,7,7,53.26,56.68,49.43,4,3,4,3,3,2,3,3,2,1,1,1,1,1,1,1,3,1
1,1,10,5,2,35.93,39.87,33.78,2,2,3,4,3,4,3,4,2,1,3,2,1,1,1,1,2,3
1,1,3,7,6,51.82,54.61,48.81,NA,2,3,3,2,3,2,4,2,2,2,1,1,1,1,2,1,1
2,1,8,6,6,43.44,42.11,45.61,7,4,2,2,2,2,4,4,4,1,1,2,1,3,1,1,2,2
1,0,5,3,3,34.28,30.75,39.82,7,2,4,4,1,2,4,4,1,1,2,1,3,2,1,1,4,3
1,1,9,5,7,45.58,48.22,43.51,5,3,4,3,3,3,3,4,1,1,1,2,1,2,1,1,2,2
2,1,8,1,7,42.83,41.09,45.49,5,2,3,2,1,4,3,2,2,1,1,1,1,1,1,1,2,1
1,1,12,7,7,51.12,53.41,48.69,5,2,4,4,3,2,3,2,2,1,1,1,1,1,1,1,4,1
2,1,7,5,6,55.75,53.45,57.32,5,2,3,3,3,2,2,2,2,1,2,1,1,1,1,1,2,1
1,1,9,4,7,45.36,34.61,56.7,5,2,4,3,2,2,3,3,2,1,2,1,2,1,1,1,3,2
2,1,9,5,5,41.11,48.46,34.89,NA,2,3,4,3,3,4,2,3,1,1,1,1,1,1,1,5,1
2,1,11,7,7,47.5,48.36,46.96,NA,2,4,4,1,4,2,3,2,2,1,2,1,1,1,2,3,1
1,1,9,5,6,46.77,46.49,47.46,6,2,4,4,4,4,4,3,1,2,1,1,1,1,1,1,2,1
1,1,10,6,6,43.61,43.79,44.25,6,3,2,3,2,3,2,4,2,1,1,1,1,1,1,1,3,1
NA,NA,8,NA,6,46.87,47.57,46.57,6,NA,NA,NA,NA,NA,NA,NA,NA,NA,NA,NA,NA,NA,NA,NA,NA,NA
2,1,10,5,6,53.97,50.25,57.19,7,2,4,4,1,3,3,3,2,1,1,1,1,1,1,1,3,1
1,1,10,5,7,54.41,57.72,50.54,6,2,3,4,2,2,3,2,3,2,1,2,1,1,2,1,2,1
2,0,10,6,6,54.82,57.15,51.89,6,2,4,4,2,3,3,2,2,1,1,1,1,1,1,1,2,1
2,1,11,7,7,59.26,55.59,61.75,3,2,4,4,3,4,4,2,2,1,1,1,1,1,1,1,1,1
2,NA,10,NA,3,NA,NA,NA,2,NA,NA,NA,NA,NA,NA,NA,NA,NA,NA,NA,NA,NA,NA,NA,NA,NA
2,1,13,5,7,43.61,41.31,46.72,NA,2,3,3,3,3,2,3,2,1,1,1,1,1,1,1,2,1
2,1,11,5,5,52.66,47.79,57.19,1,3,3,3,2,2,2,3,3,2,3,2,2,2,2,2,2,2
2,1,12,7,5,51.64,57.72,45.36,1,2,3,3,2,2,3,3,2,1,1,1,1,1,1,1,1,1
2,1,7,2,7,44.06,45.98,42.9,5,3,2,3,1,2,3,3,3,2,1,1,1,1,1,1,2,2
2,1,9,7,6,56.15,53.46,58.06,5,3,3,4,3,4,3,2,2,2,1,1,1,1,1,1,2,1
1,1,7,5,2,35.34,35.2,37.35,5,2,3,3,2,2,1,3,2,1,1,1,1,2,1,1,1,1
2,1,11,6,7,51.38,49.08,53.5,5,2,2,4,1,4,3,2,2,1,1,1,1,1,1,2,1,1
1,0,3,5,6,38.57,37.54,41.05,6,4,4,1,1,1,1,4,1,2,1,1,3,1,1,1,1,1
1,1,8,5,7,34.17,33.62,36.74,6,2,3,3,2,2,3,2,2,2,2,1,1,1,1,1,2,1
2,1,10,7,7,53.48,52.17,54.36,6,NA,NA,4,NA,3,3,3,2,1,1,1,1,1,1,1,3,3
2,1,11,7,5,57.12,50.6,62.74,6,2,3,3,2,3,3,3,3,2,1,1,1,1,1,1,4,1
1,1,9,5,6,51.47,53.21,49.55,5,2,4,4,3,4,4,4,2,1,1,1,2,1,1,1,1,1
1,1,9,5,5,31.97,33.19,33.04,5,2,4,3,2,3,3,2,2,1,1,1,1,2,1,1,2,1
2,1,6,2,2,43.63,42.35,45.73,4,2,2,2,2,3,3,2,2,1,1,1,1,1,1,1,1,1
2,1,7,5,5,33.98,38.33,31.68,NA,2,4,4,1,2,1,2,1,1,1,1,1,1,2,2,1,1
1,1,10,5,6,43.81,46.37,42.04,NA,2,4,3,1,4,4,3,3,1,1,1,1,1,1,1,1,2
2,1,9,6,7,53.11,53.81,52.02,5,3,3,3,3,4,3,3,3,1,1,1,1,1,1,1,3,1
1,1,9,3,2,44.89,46.05,44.38,5,2,3,4,3,3,3,2,2,1,1,1,1,1,1,1,1,1
2,1,10,5,5,49.51,49.29,49.8,NA,3,4,NA,NA,NA,NA,2,3,1,1,1,1,1,1,1,2,1
1,1,6,3,5,27.15,31.07,26.14,NA,4,3,2,3,4,2,4,3,1,1,1,1,1,1,1,2,1
2,1,5,6,5,58.45,58.51,57.32,2,NA,NA,NA,NA,NA,NA,NA,NA,NA,NA,NA,NA,NA,NA,NA,NA,NA
2,1,8,5,7,57.18,60.58,52.88,2,2,3,2,3,4,3,3,3,1,3,1,1,1,1,1,5,3
1,1,10,5,6,62.71,64.64,59.16,6,NA,NA,NA,NA,NA,NA,NA,NA,NA,NA,NA,NA,NA,NA,NA,NA,NA
2,1,8,5,5,47.54,46.58,48.81,1,2,3,3,3,3,3,3,2,2,1,1,1,1,1,3,4,1
2,1,12,5,7,50.9,47.7,53.99,1,2,2,3,3,3,3,2,2,1,2,1,1,1,1,1,1,1
1,1,12,6,6,57.47,61.6,52.39,1,1,4,4,3,3,4,3,2,1,1,1,1,1,1,1,3,1
2,1,10,6,5,42.06,42.11,43.02,NA,2,3,4,3,3,4,2,2,1,1,1,1,1,1,2,3,2
2,1,11,NA,6,54.77,59.88,49.06,NA,2,3,3,3,3,3,3,3,2,1,1,1,1,1,1,3,1
2,0,6,NA,5,48.98,46.81,51.28,NA,2,3,3,3,3,3,2,2,1,1,1,1,1,1,1,2,1
1,1,9,5,7,49.34,41.95,56.82,NA,2,3,4,1,3,3,2,2,1,1,1,1,2,1,2,5,2
2,1,10,6,5,51.32,51.2,51.28,3,2,4,4,1,3,3,2,2,2,3,1,1,1,1,2,2,2
1,0,7,4,2,45.53,45.4,46.23,1,2,3,4,4,1,3,3,2,1,3,1,3,1,1,1,3,4
2,0,5,NA,5,53.03,56.13,49.55,1,3,2,3,1,2,2,2,2,1,1,1,1,1,1,1,4,3
2,1,10,5,5,49.6,51.42,47.83,5,NA,NA,NA,NA,NA,NA,NA,NA,NA,NA,NA,NA,NA,NA,NA,NA,NA
1,1,9,1,7,39.99,46.24,35.01,6,2,2,2,2,2,2,3,2,2,2,2,1,1,1,1,4,3
2,0,2,5,7,27.33,25.86,31.68,6,2,3,4,3,4,4,1,2,1,1,1,1,1,1,1,3,2
1,1,8,6,3,58.73,60.39,55.96,1,2,3,3,3,3,3,3,2,1,1,2,1,1,1,1,2,1
2,1,5,6,6,59.19,55.47,61.75,1,2,4,3,3,4,2,1,2,1,1,1,1,1,1,1,3,1
2,0,7,5,7,59.6,64.48,53.5,5,2,4,4,3,3,4,2,2,1,1,1,1,1,1,1,1,1
2,1,10,6,5,53.45,53.84,52.63,1,2,4,4,3,4,3,2,3,2,3,1,1,1,1,1,2,1
2,1,7,6,5,55.78,54.75,56.08,3,NA,NA,NA,NA,NA,NA,NA,NA,NA,NA,NA,NA,NA,NA,NA,NA,NA
2,1,10,5,5,45.89,49.28,43.02,3,2,4,4,3,3,3,2,3,2,1,2,1,1,1,1,2,1
2,1,8,7,7,59.8,63.26,55.1,NA,2,3,3,3,3,3,2,3,1,1,1,1,1,1,2,1,1
1,0,6,NA,7,33.96,37.17,32.79,7,2,3,3,4,3,2,3,1,1,2,1,1,1,1,1,2,2
1,1,10,5,3,51.77,48.21,55.1,7,2,2,4,2,2,3,4,4,1,1,1,1,2,2,1,1,1
1,1,10,6,5,59.4,67.06,50.54,3,2,3,3,2,3,3,2,3,1,1,1,1,3,1,2,1,1
1,1,8,6,5,54.44,53.1,55.22,3,2,4,4,2,4,4,2,2,1,1,1,1,2,2,1,2,1
2,1,9,5,3,71.36,70.85,69.15,3,2,3,3,1,3,3,2,3,3,1,1,1,1,1,1,2,1
2,0,5,6,7,38.32,44.35,33.78,4,3,3,3,3,3,3,3,2,2,1,1,1,1,1,1,2,1
1,1,9,7,5,61.23,58.06,62.98,4,2,3,4,4,4,4,3,3,1,1,1,1,1,1,1,5,1
1,1,12,5,5,50.56,55.56,45.49,1,2,3,3,2,3,4,3,3,2,2,1,1,1,1,1,2,2
2,0,10,6,5,68.24,64.53,69.64,1,2,4,3,2,4,4,2,2,1,1,1,1,1,1,1,3,1
2,1,12,NA,6,64.59,53.74,73.58,1,2,3,4,2,3,4,2,3,1,1,1,1,1,1,2,3,2
2,0,8,7,7,45.37,48.93,42.41,6,2,3,3,2,2,2,2,3,1,1,1,1,1,1,1,1,1
2,1,9,5,6,39,40.7,38.71,6,2,3,2,2,3,3,3,3,1,2,1,1,1,1,1,5,4
1,0,10,5,7,48.52,50.27,46.96,3,2,3,3,2,3,3,2,2,1,1,1,1,1,1,1,3,1
2,1,9,5,5,46.05,42.8,49.8,NA,2,3,4,3,4,3,2,2,2,1,1,1,1,1,1,3,1
2,1,10,6,6,56.96,49.81,63.23,NA,2,4,4,3,4,4,2,2,2,1,1,1,1,1,1,5,4
1,1,9,6,5,41.19,41.22,42.28,NA,2,4,4,3,4,3,2,3,2,2,1,2,2,1,1,3,3
NA,NA,2,NA,5,50.07,47.44,52.69,3,NA,NA,NA,NA,NA,NA,NA,NA,NA,NA,NA,NA,NA,NA,NA,NA,NA
1,0,3,5,5,47.74,52.5,43.27,3,2,2,3,2,3,3,2,2,2,1,2,1,3,1,3,2,1
1,1,5,3,3,60.18,62.99,56.08,3,2,4,3,3,2,4,1,1,2,3,1,2,2,1,1,2,1
2,1,9,7,6,59.1,61.08,55.96,3,2,4,4,2,3,4,1,2,1,1,1,1,1,1,1,1,1
2,1,4,NA,6,48.93,50.79,47.21,3,3,4,3,3,3,4,2,2,2,1,1,1,1,1,1,2,1
2,1,5,6,5,62.87,53.84,70.26,4,2,4,3,2,3,4,3,2,2,1,1,1,1,1,1,5,5
2,0,9,6,3,28.33,26.76,32.67,5,3,3,2,1,3,2,NA,2,1,1,1,1,1,1,1,3,2
1,1,11,7,6,73.62,68.06,76.17,5,3,4,2,4,2,4,4,4,1,1,1,1,1,1,1,3,1
1,1,10,5,6,37.16,37.49,38.46,5,3,3,3,3,2,3,3,3,3,2,1,1,2,1,1,4,3
1,0,11,7,5,52.73,53.23,51.89,5,2,4,4,2,3,3,2,2,1,1,1,1,1,1,1,2,1
1,1,1,7,7,70.99,68.69,70.62,5,1,4,4,3,4,4,NA,1,1,1,1,1,1,1,1,1,1
1,1,5,5,5,51.57,48.71,54.24,5,2,3,4,3,4,4,3,2,1,1,1,1,1,1,1,3,1
1,1,11,7,5,31.53,33,32.42,2,1,1,1,1,1,1,1,1,1,1,1,1,3,3,3,5,5
2,1,10,5,5,50.26,51.43,49.06,2,2,3,3,2,3,3,2,2,2,1,1,1,1,1,1,1,1
2,1,10,6,6,62.31,61.17,61.88,2,2,4,3,1,3,3,1,2,1,1,1,1,1,1,1,2,1
2,1,12,5,6,50.58,43.78,57.32,2,2,3,3,2,3,3,3,3,2,1,1,1,1,1,3,2,3
2,1,8,6,5,56.72,52.93,59.66,5,2,3,3,3,4,4,2,3,1,1,1,1,1,1,1,2,1
2,1,11,5,6,57.46,54.93,59.04,5,2,4,4,3,4,3,2,3,1,1,1,1,1,1,2,2,1
2,0,8,5,7,48.81,46.98,50.79,3,3,3,3,2,3,2,3,2,1,1,1,1,1,1,1,3,2
NA,NA,11,NA,5,40.21,42.84,38.82,5,NA,NA,NA,NA,NA,NA,NA,NA,NA,NA,NA,NA,NA,NA,NA,NA,NA
2,1,8,5,7,51.57,47.48,55.47,6,NA,NA,NA,NA,NA,NA,NA,NA,NA,NA,NA,NA,NA,NA,NA,NA,NA
NA,NA,8,NA,5,38.68,38.85,39.96,5,NA,NA,NA,NA,NA,NA,NA,NA,NA,NA,NA,NA,NA,NA,NA,NA,NA
2,0,2,5,7,35.69,34.62,38.59,3,2,3,3,2,2,2,2,2,2,1,2,1,1,1,2,3,2
2,0,8,7,5,52.48,55.71,48.94,3,2,4,4,4,1,4,2,3,3,1,1,1,1,3,1,3,1
NA,NA,10,NA,2,37.72,35.82,41.18,7,NA,NA,NA,NA,NA,NA,NA,NA,NA,NA,NA,NA,NA,NA,NA,NA,NA
1,1,8,5,6,44.03,47.03,41.79,7,2,4,3,3,2,3,3,2,1,1,1,1,1,1,1,1,1
1,0,9,2,5,35.26,37.63,34.77,7,2,3,3,2,2,3,2,4,2,3,3,1,1,1,1,3,2
2,0,7,7,7,36.03,34.89,38.96,2,2,3,2,3,2,1,2,3,1,1,1,1,1,1,1,2,1
1,1,7,4,5,39.26,40.33,39.57,2,NA,NA,NA,NA,NA,NA,NA,NA,NA,NA,NA,NA,NA,NA,NA,NA,NA
NA,NA,8,NA,5,44.07,46.96,41.94,2,NA,NA,NA,NA,NA,NA,NA,NA,NA,NA,NA,NA,NA,NA,NA,NA,NA
2,1,8,NA,4,40.06,38.98,42.41,6,2,4,4,3,2,3,NA,3,2,1,3,1,1,1,3,2,1
1,0,8,7,5,59.11,68.25,48.81,1,2,3,4,4,4,4,1,1,1,1,1,1,1,1,1,2,1
2,NA,2,NA,5,NA,NA,NA,6,NA,NA,NA,NA,NA,NA,NA,NA,NA,NA,NA,NA,NA,NA,NA,NA,NA
1,1,11,6,7,47.06,43.47,51.03,6,2,3,3,3,1,1,3,3,1,1,1,1,1,1,1,1,1
2,1,9,NA,5,36.81,38.93,36.37,6,2,3,3,2,2,3,2,2,2,1,1,1,1,1,1,1,1
2,0,5,4,7,30.26,29.51,33.53,6,3,4,3,3,4,2,4,2,2,3,1,1,1,1,1,5,4
2,0,13,7,7,56.36,55.21,56.7,4,2,3,4,3,2,3,2,3,1,1,1,1,1,1,1,2,1
2,0,9,2,2,39.73,41.69,39.08,5,3,3,3,3,2,2,3,1,2,1,2,2,2,1,1,5,5
2,0,8,5,5,42.47,43.63,42.28,NA,2,NA,2,2,2,2,NA,NA,2,1,NA,1,1,1,1,1,1
1,0,9,2,7,42.61,46.6,39.57,5,2,2,3,4,1,1,4,3,2,3,3,2,3,2,1,3,5
2,0,6,7,7,51.72,50.34,52.88,4,3,3,3,1,1,3,2,3,3,1,1,1,1,1,1,5,2
2,0,3,6,6,50.32,52.04,48.57,5,2,3,3,3,3,3,2,2,1,1,1,1,1,1,1,4,1
1,1,10,3,7,44.4,45.38,44.13,5,2,2,3,2,2,2,4,1,2,3,3,3,3,1,2,3,5
1,0,3,5,6,41.98,41.71,43.27,NA,1,3,3,2,3,2,2,3,1,1,1,1,1,1,1,1,1
1,0,5,5,5,46.85,50.46,43.64,NA,3,3,3,2,2,3,2,2,1,1,1,1,1,1,1,2,1
2,0,10,7,5,59.54,60.43,57.44,2,2,2,4,2,4,4,3,3,1,1,1,1,1,1,1,2,1
2,1,11,6,5,58.35,61.53,54.11,2,2,3,3,3,2,3,3,2,3,3,3,2,3,2,3,2,5
2,1,5,4,2,37.24,36.29,39.82,5,2,4,4,3,3,3,3,3,1,1,1,1,1,1,1,1,1
1,1,6,5,2,45.73,43.69,48.32,6,2,4,4,3,3,4,1,1,2,1,1,1,1,1,1,3,1
1,0,10,3,5,46.85,54.29,39.82,NA,2,2,3,3,4,3,2,2,1,1,1,1,1,1,1,1,1
2,0,4,5,5,39.76,37.93,42.9,6,3,2,2,2,3,3,2,3,1,1,1,1,1,1,1,2,1
2,0,13,5,5,59.76,61.46,56.82,6,1,4,4,3,3,3,2,2,1,1,1,1,1,1,1,2,1
2,1,11,3,5,43.32,41.89,45.61,5,2,3,3,3,3,2,3,3,1,1,1,1,1,1,1,4,5
2,1,12,7,7,64.08,54.76,71.61,5,2,4,4,3,3,3,2,2,1,1,1,1,1,1,1,1,1
1,1,10,5,6,49.64,54.58,44.75,4,3,4,4,2,3,3,2,2,1,1,1,1,1,1,1,3,2
1,1,9,6,7,54.59,56.71,51.89,4,2,4,4,4,3,3,2,2,2,2,1,1,1,1,1,2,1
1,1,11,5,6,59.67,59.45,58.67,1,NA,NA,NA,NA,NA,NA,NA,NA,NA,NA,NA,NA,NA,NA,NA,NA,NA
2,1,9,NA,5,38.6,37.49,41.17,2,3,3,4,3,4,1,4,3,2,2,1,1,1,2,2,5,3
1,1,10,2,5,43.53,47.58,40.31,2,2,2,3,2,2,2,3,2,2,3,2,2,2,1,2,2,3
2,1,2,3,5,42.96,42.94,43.88,2,2,3,3,2,2,3,4,2,2,1,1,1,1,1,1,5,4
1,0,11,6,7,49.58,48.42,50.79,2,2,3,4,2,3,4,2,3,2,1,2,1,1,1,1,2,1
2,0,3,6,7,41.75,42.27,42.28,2,2,3,3,3,3,3,2,3,1,1,1,1,1,1,2,2,1
2,0,6,5,5,31.2,27.94,36.86,6,2,3,2,2,2,3,1,1,1,1,1,1,1,1,1,2,1
1,1,6,4,5,40.44,43.65,38.46,6,2,3,3,3,NA,3,3,2,2,1,1,1,1,1,1,3,1
2,0,9,NA,7,35.55,31.89,41.05,6,2,4,NA,4,NA,3,2,2,2,1,1,1,1,1,1,5,3
2,1,8,7,7,47.59,47.43,48.07,NA,2,3,3,2,2,1,3,3,3,1,2,2,2,2,1,5,2
2,1,10,5,6,37.05,37.16,38.59,5,2,3,3,2,3,3,2,2,1,1,1,1,1,1,1,3,2
2,1,5,4,2,36.13,31.98,42.04,2,4,3,4,1,4,2,1,2,3,1,3,1,1,2,3,1,1
1,1,12,7,5,72.94,69.51,73.46,4,2,3,3,3,3,3,2,3,1,1,1,1,1,1,1,2,3
1,0,11,5,5,45.74,46.67,45.36,4,2,2,3,2,2,2,3,2,2,1,1,1,1,2,1,3,3
2,1,7,7,6,57.89,58.2,56.58,1,2,3,4,3,4,3,1,2,1,1,2,1,1,1,2,2,1
2,1,8,7,7,43.34,42.78,44.75,1,2,3,2,2,3,3,2,2,2,1,2,2,2,1,2,2,1
2,1,8,6,6,58.84,56.66,59.9,1,2,4,4,4,4,2,2,3,1,1,1,1,1,1,1,1,1
1,1,10,6,6,55.79,55.75,55.1,1,2,3,2,2,3,3,2,2,2,1,3,1,2,2,2,3,1
1,1,11,6,6,61.39,56.75,64.59,1,3,3,3,2,2,2,2,3,2,1,1,1,2,1,1,2,1
NA,NA,9,NA,5,49.16,48.9,49.54,3,NA,NA,NA,NA,NA,NA,NA,NA,NA,NA,NA,NA,NA,NA,NA,NA,NA
2,1,8,NA,7,61.23,66.18,54.85,4,2,3,3,2,3,1,2,2,2,1,1,1,1,1,3,2,1
1,1,7,NA,5,27.8,30.93,27.49,4,2,3,3,2,2,2,2,2,2,1,1,1,1,1,1,3,1
1,1,6,NA,5,58.38,57.64,58.06,4,3,3,1,1,1,1,4,4,3,2,3,1,3,3,3,4,3
1,0,5,5,7,66.06,70.05,60.03,6,2,4,4,4,4,4,2,2,2,1,1,1,1,1,1,5,1
2,1,9,6,7,73.75,69.68,74.81,6,2,3,3,3,2,2,2,2,1,1,1,1,1,1,1,1,1
2,0,7,2,2,45.21,42.46,48.57,NA,1,3,3,3,3,3,1,3,2,1,1,1,1,1,1,2,1
2,0,10,6,6,51.82,53.13,50.29,NA,1,3,3,2,3,3,2,2,2,1,1,1,1,2,1,2,1
2,0,10,2,3,41.54,39.66,44.5,NA,4,1,3,3,2,2,3,NA,1,2,1,1,1,1,1,5,4
1,1,10,5,7,55.97,54.97,56.21,NA,2,3,2,3,1,3,2,1,1,2,NA,1,1,1,1,3,1
1,1,12,6,6,76.99,84.85,65.7,NA,2,4,4,3,3,4,2,2,1,1,1,1,1,1,1,1,1
2,1,10,7,5,56.34,59.74,52.14,3,2,3,3,1,2,2,2,2,2,1,2,1,1,1,2,5,5
NA,NA,13,NA,3,53.79,50.59,56.51,3,NA,NA,NA,NA,NA,NA,NA,NA,NA,NA,NA,NA,NA,NA,NA,NA,NA
1,1,9,6,6,59.85,58.79,59.66,3,2,3,3,2,3,3,3,3,2,1,2,1,1,1,2,2,2
2,0,9,6,6,51.08,50.87,51.15,3,1,4,4,2,2,4,2,2,1,1,1,1,1,1,1,2,1
1,1,10,5,3,25.07,30.74,22.57,5,3,3,4,2,4,4,2,3,3,1,2,1,3,1,2,1,1
1,0,8,NA,2,37.05,33.35,42.41,5,2,3,4,1,2,2,4,2,3,2,1,2,1,2,1,2,1
1,0,5,5,5,42.01,46.45,38.59,5,2,3,3,2,2,3,3,2,2,1,1,1,1,1,1,5,2
1,1,8,NA,3,47.03,50.07,44.38,5,2,4,4,2,4,3,3,3,1,2,1,1,1,1,1,2,1
2,1,8,7,3,41.55,42.02,42.16,4,2,3,3,2,3,2,2,2,1,1,1,1,1,1,1,3,1
2,1,11,NA,5,47.81,52.76,43.14,NA,3,4,4,3,2,2,3,3,1,1,1,1,1,2,1,2,2
1,0,1,1,2,28.27,33.29,26.02,NA,NA,NA,NA,NA,NA,NA,NA,NA,NA,1,NA,NA,NA,NA,NA,1,1
2,1,10,7,5,59.76,60.96,57.32,3,3,4,4,4,4,3,3,2,1,1,1,1,1,1,1,1,1
1,1,12,6,6,64.53,66.44,60.77,6,2,4,4,2,3,4,2,3,2,1,1,1,1,1,1,1,1
2,1,8,7,7,52.59,50.01,54.85,1,2,3,3,1,3,2,3,2,1,1,1,1,1,1,1,3,1
1,1,6,5,3,27.85,29.67,28.85,5,3,3,3,2,3,3,3,2,2,1,1,1,1,1,1,2,2
2,1,9,6,7,56.69,52.02,60.52,5,2,3,3,2,3,4,3,2,2,1,1,1,1,1,1,2,3
NA,NA,10,NA,5,50.03,52.05,48.02,2,NA,NA,NA,NA,NA,NA,NA,NA,NA,NA,NA,NA,NA,NA,NA,NA,NA
1,1,7,2,7,31.23,31.81,33.04,5,1,3,3,2,4,1,1,2,1,1,1,1,1,1,1,2,1
1,0,6,3,7,47.43,55.26,39.94,5,2,3,4,2,4,3,2,2,1,2,1,1,1,1,1,1,1
2,1,10,NA,5,50.21,49.98,50.42,4,2,4,4,4,4,4,3,2,1,1,1,1,1,1,1,2,1
2,1,8,2,5,35.54,35.7,37.23,4,4,2,3,2,1,1,4,2,1,1,1,1,1,1,1,3,1
1,1,11,5,6,55.19,57.58,52.14,5,2,4,4,3,3,2,2,2,1,1,1,1,1,1,1,3,1
2,1,12,6,6,70.03,64.54,72.97,5,2,2,3,1,NA,3,2,4,1,1,2,1,1,2,3,2,1
2,0,10,3,5,45.63,52.37,39.45,7,1,3,3,2,3,4,3,2,1,1,1,1,1,1,3,1,2
1,1,11,5,5,61.68,62.21,59.66,4,3,3,2,3,3,3,3,2,1,3,2,1,1,2,1,4,2
1,1,8,5,6,41.37,46.74,37.11,1,2,3,3,3,3,3,NA,NA,1,1,1,2,2,1,1,4,1
1,1,9,6,2,49.24,49.16,49.43,1,2,3,3,3,4,2,3,2,1,1,1,1,1,1,1,4,1
2,1,11,5,5,55.27,54.9,54.97,1,2,3,4,3,4,2,2,1,1,1,1,1,1,1,1,2,1
2,0,11,2,6,34.06,37.97,32.18,NA,3,3,2,3,3,1,2,2,1,1,2,1,1,1,1,1,1
1,1,10,5,6,56.93,57.52,55.47,5,2,3,3,3,2,1,3,3,1,1,2,1,1,1,1,2,2
1,1,10,5,6,53.5,51.22,55.34,5,2,4,3,4,3,3,2,2,1,1,1,1,NA,1,1,2,2
1,1,12,6,5,58.42,61.66,54.11,2,2,2,3,3,3,3,3,2,2,1,3,2,2,2,2,5,2
2,0,5,7,5,35.04,34.26,37.72,1,2,3,3,3,3,3,2,2,1,1,1,1,1,1,1,2,1
2,1,6,5,7,48.84,39.04,58.79,NA,3,3,2,3,3,3,3,2,1,1,1,1,1,1,1,1,1
NA,NA,3,NA,4,42.95,45.39,41.41,NA,NA,NA,NA,NA,NA,NA,NA,NA,NA,NA,NA,NA,NA,NA,NA,NA,NA
1,1,9,6,5,53.17,57.25,48.69,5,2,4,3,2,3,3,2,2,2,1,1,1,2,1,1,2,1
1,1,8,7,6,68.6,62.24,72.6,5,2,4,4,4,3,3,2,2,1,1,1,1,1,1,1,3,1
2,1,8,4,5,49.33,49.2,49.55,5,2,3,4,3,3,3,2,2,2,1,1,2,1,1,1,3,3
1,1,11,3,5,40.58,44.02,38.34,5,2,3,3,2,3,2,3,2,2,2,3,2,2,2,3,3,1
2,0,5,6,7,41.93,41.99,42.9,6,2,3,3,3,3,3,3,2,1,1,1,1,1,1,1,3,1
2,1,11,6,6,45.24,45.48,45.61,4,2,2,2,1,2,3,4,NA,3,1,3,3,2,2,1,2,1
1,0,9,4,6,25.13,24.45,28.97,7,2,1,3,2,2,2,3,2,2,3,1,2,1,1,1,1,1
2,1,4,5,6,46.49,41.92,51.52,7,1,3,4,3,4,4,4,2,2,1,1,1,1,1,1,2,5
1,1,10,5,5,44.67,48.23,41.79,7,4,1,2,1,1,1,4,4,2,3,1,1,1,1,1,4,1
1,1,10,5,5,42.71,37.92,48.44,7,2,3,3,2,1,3,4,3,1,3,1,3,1,1,1,3,1
2,0,8,5,7,33.04,37.66,30.58,5,3,NA,NA,3,3,NA,2,3,2,1,1,1,1,1,1,3,1
1,1,5,5,5,44.35,39.51,49.92,5,3,3,3,2,1,2,3,2,2,3,2,1,1,1,1,4,3
1,1,7,2,5,53.56,52.8,53.87,5,2,4,3,3,3,4,4,2,1,3,1,1,1,1,1,5,2
1,0,5,2,4,44.93,44.28,46.23,6,3,3,3,2,2,3,3,3,1,1,1,1,2,1,1,4,2
1,0,4,4,5,33.95,35.68,34.27,7,2,2,3,2,2,2,2,1,2,1,1,1,1,1,2,2,1
2,0,9,NA,6,42.98,40.62,46.23,4,2,3,3,1,1,3,3,2,2,3,2,1,1,1,1,3,2
1,1,10,3,4,49.07,45.02,53.25,5,4,1,1,3,1,3,4,4,3,3,1,2,2,3,1,5,1
2,1,9,6,6,55.5,54.71,55.59,5,2,4,4,2,4,4,2,3,1,2,1,1,1,1,1,2,1
2,1,10,6,5,66.8,68.72,62.74,2,2,3,3,3,3,3,2,2,1,1,1,1,1,1,1,1,1
2,1,10,3,5,40.74,35.58,47.09,3,2,3,2,3,3,3,3,2,1,1,1,1,1,1,1,2,1
1,1,9,5,5,46.38,53.66,39.57,3,2,3,4,3,2,3,2,2,1,2,1,1,1,1,1,2,1
2,1,12,7,5,55.39,53.27,56.82,1,1,3,4,1,4,3,2,1,1,1,1,1,1,1,1,1,1
2,NA,9,NA,2,NA,NA,NA,2,NA,NA,NA,NA,NA,NA,NA,NA,NA,NA,NA,NA,NA,NA,NA,NA,NA
2,1,8,7,7,60.81,54.31,65.94,2,2,4,3,3,3,3,2,2,1,1,1,1,1,2,1,2,1
2,1,11,5,5,52.46,49.51,55.1,2,4,3,3,3,2,2,4,2,2,2,1,1,1,1,1,3,4
2,1,11,5,6,37.45,40.13,36.37,1,3,3,3,4,4,3,3,2,3,1,1,1,1,1,1,4,3
1,1,11,5,5,49.91,55.82,44.01,1,2,4,4,4,4,3,2,3,1,1,1,2,1,1,1,1,1
2,1,12,5,6,49.6,49.7,49.55,1,2,3,4,3,3,3,3,3,2,1,1,1,1,1,1,3,2
1,1,13,6,6,59.16,58.86,58.3,1,2,3,3,3,2,3,2,2,1,1,1,1,1,1,1,1,1
1,1,9,3,3,43.25,45.83,41.54,5,3,3,4,3,4,4,3,2,1,1,1,1,1,1,1,2,1
2,1,8,3,5,39.73,44.16,36.61,5,4,3,3,3,4,3,4,2,1,1,2,1,1,1,3,1,1
2,1,8,5,5,44.73,46.5,43.64,4,3,3,3,3,4,4,3,3,1,1,2,1,1,1,2,1,1
1,0,9,6,7,50.89,51.51,50.17,5,2,3,3,2,1,3,3,2,2,1,2,1,2,2,2,5,3
1,1,10,5,6,52.68,52.27,52.76,5,2,3,3,1,2,2,4,1,2,1,2,1,2,1,3,4,1
NA,NA,10,NA,7,55.93,53.26,57.85,3,NA,NA,NA,NA,NA,NA,NA,NA,NA,NA,NA,NA,NA,NA,NA,NA,NA
1,1,5,5,6,50.21,53.31,47.09,7,2,4,4,3,2,3,2,3,1,1,1,1,1,1,1,2,2
1,0,7,5,5,60.27,63.4,55.84,NA,2,3,3,3,1,3,4,3,1,1,1,1,1,1,1,2,1
2,1,8,NA,5,41.73,40.13,44.38,NA,3,3,3,2,3,3,2,2,1,1,2,1,1,1,1,1,2
NA,NA,11,NA,3,45.36,43.57,47.74,NA,NA,NA,NA,NA,NA,NA,NA,NA,NA,NA,NA,NA,NA,NA,NA,NA,NA
2,0,2,7,6,46.71,46.64,47.21,7,2,4,4,4,NA,1,2,3,1,1,1,1,1,1,1,2,1
1,0,11,5,5,38.66,36.24,42.53,7,3,3,3,2,3,3,2,2,1,2,1,1,1,1,1,3,2
1,0,8,NA,5,61.96,63.85,58.55,5,2,3,3,4,4,4,2,2,1,1,1,1,1,1,1,1,1
NA,NA,10,NA,3,39.93,41.75,39.39,6,NA,NA,NA,NA,NA,NA,NA,NA,NA,NA,NA,NA,NA,NA,NA,NA,NA
NA,NA,10,NA,5,41.01,40.91,42.27,6,NA,NA,NA,NA,NA,NA,NA,NA,NA,NA,NA,NA,NA,NA,NA,NA,NA
2,0,8,NA,7,48.92,47.7,50.29,NA,3,2,3,1,1,2,3,4,2,1,1,1,1,1,1,3,3
2,1,8,5,5,37.05,36.07,39.69,5,3,3,3,2,3,4,3,3,1,1,1,1,1,1,1,2,2
1,1,9,6,5,55.94,56.16,54.97,5,2,4,3,2,3,4,2,2,3,1,3,1,3,2,3,3,1
1,1,8,6,6,48.99,57.68,40.43,5,2,4,4,3,4,3,3,2,2,1,1,1,1,1,1,5,3
1,1,9,5,7,50.22,46.05,54.36,1,3,3,4,2,1,3,2,2,3,NA,1,2,2,1,1,2,1
2,0,7,6,7,47.07,49.53,44.99,1,2,3,3,1,3,3,3,2,1,1,1,1,1,1,1,2,1
1,1,2,2,2,41.87,33.5,51.28,4,1,3,1,1,3,1,3,1,3,1,1,1,1,1,1,5,2
1,1,5,6,5,75.14,74.86,72.23,2,2,2,3,2,1,3,2,3,1,1,2,1,2,2,2,1,1
2,1,9,7,7,39.61,42.83,37.72,2,3,3,3,3,3,3,3,2,1,3,2,2,2,1,1,5,2
2,1,3,6,2,44.2,46.37,42.78,2,2,2,3,3,2,3,3,3,1,1,2,1,1,1,1,3,1
1,0,10,6,7,53.75,56.73,50.29,2,NA,NA,NA,NA,NA,NA,NA,NA,NA,NA,NA,NA,NA,NA,NA,NA,NA
2,1,9,5,5,55.02,56.16,53.25,2,2,3,4,3,3,3,2,2,1,1,2,1,1,1,1,1,2
1,1,9,5,7,47.84,47.76,48.2,6,2,4,3,3,2,2,3,2,1,1,1,1,1,1,1,3,1
1,0,6,NA,5,34.17,31.15,39.2,6,3,4,3,2,3,3,2,2,1,1,1,1,1,1,1,2,1
2,1,12,6,5,63.34,60.39,64.59,1,2,3,3,3,3,3,2,2,2,1,1,1,1,1,1,1,1
1,1,8,2,3,44.31,45.46,43.88,1,1,3,3,2,3,4,3,2,2,1,1,2,2,2,2,5,1
2,1,11,5,6,47.16,48.45,46.23,1,2,3,3,3,3,3,2,1,1,1,1,2,1,1,3,3,1
2,1,10,7,7,61.68,59.14,62.74,2,2,3,4,3,3,3,2,2,2,1,1,1,1,1,2,1,1
NA,NA,9,NA,5,52.08,52.77,51.12,2,NA,NA,NA,NA,NA,NA,NA,NA,NA,NA,NA,NA,NA,NA,NA,NA,NA
1,1,10,5,5,43.74,47.61,40.68,3,2,NA,NA,2,2,2,2,2,1,1,1,1,1,1,1,3,2
2,1,10,5,6,51.18,46.5,55.71,2,2,2,1,1,2,3,3,4,3,1,2,3,3,3,3,1,1
1,1,8,6,5,33.44,34.85,34.15,4,2,3,4,2,4,3,3,3,1,3,2,3,2,1,1,5,3
2,1,9,2,5,46.94,44.59,49.68,4,3,3,3,3,2,3,4,2,1,1,1,1,1,1,1,4,3
2,1,10,3,5,27.88,32.92,25.65,4,4,4,3,3,2,3,2,2,1,1,1,1,1,1,1,1,1
1,1,8,5,7,52.29,59.79,44.5,5,4,4,4,4,4,3,3,4,1,1,1,1,1,1,1,2,1
2,1,9,6,6,60.91,59.91,60.52,5,2,4,4,4,4,4,1,1,1,1,1,1,1,1,1,1,1
2,1,12,5,7,62.59,60.11,63.48,1,2,4,4,2,3,3,2,2,1,1,1,1,1,1,1,2,1
1,1,9,5,3,48.06,44.6,51.77,1,2,3,3,2,4,4,2,2,2,1,1,1,1,1,1,3,1
2,1,9,7,5,58.16,58.47,56.82,5,2,3,3,1,3,4,3,2,2,1,1,1,1,1,1,2,1
1,1,10,5,3,51.2,53.19,49.06,5,2,3,3,3,3,4,2,3,3,1,1,3,3,3,1,NA,1
1,1,9,5,5,67.22,63.23,69.02,4,2,2,4,2,2,3,2,3,1,1,2,1,1,1,2,2,1
NA,NA,7,NA,5,40.89,42.6,40.35,4,NA,NA,NA,NA,NA,NA,NA,NA,NA,NA,NA,NA,NA,NA,NA,NA,NA
1,1,6,5,7,41.19,41.09,42.41,4,2,4,4,3,1,4,4,3,2,1,2,1,1,1,1,5,2
1,NA,9,NA,5,NA,NA,NA,4,NA,NA,NA,NA,NA,NA,NA,NA,NA,NA,NA,NA,NA,NA,NA,NA,NA
2,1,5,5,5,45.14,44.31,46.6,4,3,4,3,2,2,3,2,3,1,1,1,1,1,1,1,2,1
1,1,12,6,5,64.34,60.42,66.44,4,2,4,4,4,3,4,2,2,2,2,1,1,2,2,2,3,1
1,NA,11,NA,6,NA,NA,NA,3,NA,NA,NA,NA,NA,NA,NA,NA,NA,NA,NA,NA,NA,NA,NA,NA,NA
2,1,12,6,6,72.66,69.23,73.21,3,2,4,3,2,3,3,2,2,1,1,1,1,1,1,1,3,1
2,1,10,NA,6,54.13,54.37,53.37,2,2,3,3,1,3,3,2,2,1,1,1,1,1,1,1,1,1
2,1,11,6,7,46.51,49.83,43.64,2,2,4,2,4,1,3,4,2,2,2,1,1,1,1,1,2,1
2,1,13,5,5,42.98,43.35,43.51,2,2,3,3,4,3,3,1,3,1,1,1,1,1,1,1,1,1
2,0,7,5,6,51.16,52.37,49.8,2,3,3,3,3,2,3,2,3,2,1,1,1,1,1,1,1,1
1,1,12,5,5,50.58,50.67,50.42,5,NA,NA,NA,NA,NA,NA,NA,NA,NA,NA,NA,NA,NA,NA,NA,NA,NA
1,1,12,4,5,58.63,57.49,58.67,2,2,4,4,3,1,3,2,2,1,1,1,1,1,1,1,2,1
1,1,10,NA,5,32.59,28.81,38.59,2,2,3,1,3,3,3,3,3,1,2,1,1,1,1,1,2,1
2,1,9,7,7,47.37,54.4,40.68,5,3,3,3,2,2,1,2,3,3,2,2,1,1,1,NA,2,1
1,1,11,5,5,65.28,61.08,67.54,5,3,4,3,2,3,3,3,3,1,1,2,1,2,2,2,2,1
2,0,9,5,7,48.22,51.68,44.99,5,2,3,3,1,2,2,2,2,2,3,2,1,1,1,1,3,1
2,1,9,6,7,50.31,55.6,44.99,5,2,3,3,3,2,2,2,3,2,1,3,1,2,2,2,2,1
2,1,11,5,5,38.77,40.51,38.46,5,3,4,4,1,2,1,1,1,1,1,1,1,1,1,1,2,1
2,1,7,7,6,34.42,38.04,32.79,2,2,3,3,3,3,3,3,2,1,1,1,1,1,1,1,2,1
1,1,7,2,5,33.66,35.88,33.53,4,3,3,4,4,1,1,4,4,3,3,3,3,1,3,1,3,5
2,1,3,7,5,32.33,33.5,33.41,4,2,4,4,2,2,1,3,1,2,1,1,2,2,1,1,1,1
2,1,9,6,7,46.48,53.1,40.31,4,2,3,3,1,2,3,3,2,2,3,1,1,1,1,1,2,1
1,1,10,NA,3,50.41,51.46,49.31,4,2,3,4,3,3,3,3,2,1,1,2,1,1,1,1,2,1
2,1,8,6,6,49.27,51.8,46.84,4,2,3,2,2,3,2,4,1,1,1,1,1,2,1,3,1,1
2,NA,11,NA,5,NA,NA,NA,NA,NA,NA,NA,NA,NA,NA,NA,NA,NA,NA,NA,NA,NA,NA,NA,NA,NA
2,1,6,6,7,43.86,41.3,47.21,NA,3,3,3,1,3,3,1,2,1,1,1,1,3,1,1,2,3
1,1,10,7,5,57.16,56.35,57.07,3,2,3,3,2,3,3,1,2,2,1,1,1,1,1,2,1,1
1,1,7,6,6,56.11,56.72,54.73,4,2,4,3,3,1,3,2,1,2,1,1,1,1,1,1,1,1
1,0,2,7,6,27.61,27,31.07,7,1,4,4,4,4,4,1,1,3,3,3,3,3,3,3,1,1
1,1,9,2,5,37.83,39.37,37.85,7,2,3,NA,3,1,4,3,2,1,1,1,1,1,1,1,3,1
2,0,10,6,5,48.18,48.65,47.95,6,2,4,4,3,3,3,1,2,1,1,1,1,1,1,1,2,1
1,0,6,6,3,49.93,47.62,52.26,5,2,3,3,3,2,3,3,2,2,3,1,1,1,1,1,5,1
1,0,11,6,6,42.93,49.29,37.48,3,2,3,3,2,2,3,3,2,1,1,1,1,1,1,2,1,1
2,1,12,7,6,59.35,56,61.51,3,2,3,4,2,3,3,3,3,2,1,1,1,1,1,1,1,1
1,1,11,5,5,59.51,58.89,58.92,2,NA,3,3,3,2,3,4,2,2,1,1,1,1,1,1,3,1
1,1,3,7,7,45.03,45.57,45.12,2,2,4,4,3,4,4,2,3,1,1,1,1,1,1,1,4,4
1,1,8,5,5,41.12,42.45,40.93,6,3,4,3,3,1,2,2,3,1,1,1,1,1,1,1,1,1
1,0,9,4,6,50.18,51.4,48.94,6,2,3,4,2,3,3,3,2,1,2,1,1,1,1,1,3,3
2,0,6,5,5,40.07,49.6,31.81,4,2,3,2,2,3,2,2,3,1,1,1,1,1,1,2,1,1
1,1,10,7,7,64.95,61.81,66.19,4,2,3,1,1,1,2,2,3,1,2,2,1,1,1,1,1,1
2,1,10,NA,7,59.01,59.19,57.69,4,2,3,3,2,3,3,2,3,2,1,1,1,1,1,1,3,1
1,1,10,2,5,45.62,45.34,46.47,4,NA,NA,NA,NA,NA,NA,NA,NA,NA,NA,NA,NA,NA,NA,NA,NA,NA
2,1,10,5,5,47.39,48.52,46.6,4,3,4,4,4,4,4,2,2,2,1,3,2,2,1,3,2,3
2,0,11,7,7,49.55,50.11,49.06,7,3,4,3,3,2,4,3,3,1,3,1,1,1,1,1,2,4
1,1,5,3,2,45.32,48.59,42.65,5,4,1,1,1,3,1,4,4,3,3,3,3,3,2,1,5,4
2,1,7,5,5,38.66,37.22,41.54,4,3,3,3,1,1,3,3,2,2,1,1,1,1,1,1,2,1
1,1,10,7,5,53.89,51.21,56.08,4,2,4,3,1,3,3,2,2,1,1,1,1,1,1,1,2,1
1,1,11,4,7,31.71,31.85,33.9,5,2,3,4,3,3,4,NA,3,2,2,1,1,1,2,1,2,1
1,1,12,7,7,79.94,79.91,76.17,6,2,4,3,3,3,3,2,2,1,1,1,1,1,1,1,1,1
2,1,9,3,5,35,34.69,37.23,NA,3,3,3,2,3,2,2,3,1,2,2,1,1,1,1,2,2
1,1,2,5,5,44.73,51.54,38.59,NA,2,3,4,4,2,2,2,1,3,2,3,1,3,2,1,4,1
2,1,12,6,5,63.71,62.08,63.6,3,2,4,4,4,3,3,3,2,1,1,1,1,1,1,1,1,1
1,0,13,7,7,56.81,56.92,55.84,3,2,3,3,2,3,2,3,2,1,1,1,1,1,1,1,3,1
1,1,13,5,6,58.4,58.29,57.44,3,1,3,4,3,3,2,3,3,1,2,1,1,1,1,1,2,2
2,1,12,6,7,54.41,53.78,54.48,1,2,3,2,3,2,1,3,3,1,2,1,1,1,1,2,3,2
2,1,8,7,6,64.96,66.02,62,NA,3,3,4,2,3,2,2,1,2,1,1,1,1,1,1,2,1
1,1,10,5,5,49.86,42.79,56.95,NA,2,4,3,NA,3,2,2,3,2,1,2,1,1,2,3,2,3
2,1,8,3,5,50.3,53.61,46.96,7,2,3,3,1,2,3,2,2,2,1,1,1,1,1,1,1,1
1,0,5,5,4,46.09,47.33,45.36,7,4,3,3,1,1,3,1,2,2,3,1,1,1,1,1,2,1
1,1,7,6,6,65.87,68.71,61.01,7,3,4,3,4,4,4,3,3,2,2,1,1,3,1,1,2,1
2,1,8,1,2,34.14,27.89,42.41,4,2,3,2,3,3,2,3,3,2,1,1,1,1,1,1,2,1
1,1,10,NA,2,32.18,30.03,36.61,4,2,3,4,2,3,2,3,2,2,2,2,1,1,2,3,2,1
2,1,10,6,7,59.16,56.38,60.77,NA,2,2,4,3,NA,2,4,2,3,2,1,1,2,1,2,2,2
2,1,11,4,3,39.36,37.06,43.02,5,2,3,3,2,3,4,2,2,1,2,1,1,1,1,1,2,1
2,1,11,6,6,51.68,52.13,51.03,5,3,3,4,2,3,2,3,2,3,3,3,1,1,1,1,2,3
2,1,11,3,5,51.38,54.02,48.57,3,2,2,3,3,3,3,2,3,2,2,1,1,1,1,1,3,1
2,1,9,6,5,51.51,48.59,54.24,3,2,4,3,2,2,4,2,3,1,1,1,1,1,1,1,3,2
2,1,4,2,2,34.52,30.59,40.43,3,3,3,3,2,3,3,3,2,1,1,2,1,1,1,1,2,1
2,1,5,5,3,48.14,55.36,41.17,3,2,3,3,3,3,3,2,2,2,1,1,1,1,1,1,2,1
1,1,8,6,6,63.76,66.74,59.04,5,2,3,4,3,4,4,2,2,1,1,1,1,1,1,1,2,1
2,1,9,7,5,46.22,46.58,46.35,5,3,3,2,1,3,3,2,2,1,1,1,1,1,1,1,1,1
2,1,12,4,5,37.38,35.2,41.17,1,3,3,3,1,3,2,3,2,2,1,2,2,2,1,3,2,1
1,1,11,2,5,43.89,51.08,37.48,1,2,4,4,3,1,2,4,1,1,3,1,1,1,1,1,5,1
1,1,10,6,3,57.41,48.32,65.57,1,2,4,NA,1,4,4,2,2,2,1,1,1,1,1,1,1,1
NA,NA,5,NA,5,54.83,52.77,56.28,1,NA,NA,NA,NA,NA,NA,NA,NA,NA,NA,NA,NA,NA,NA,NA,NA,NA
2,1,12,5,5,45.83,45.48,46.72,1,3,3,3,3,3,3,3,2,1,2,1,1,1,1,1,2,2
1,0,11,NA,7,51.44,52.04,50.66,1,4,1,1,3,3,4,4,1,3,3,2,2,2,3,1,5,4
2,0,3,5,5,36.8,38.92,36.37,1,1,4,4,4,4,3,2,2,1,1,1,1,1,1,1,1,1
2,1,11,6,7,53.5,56.75,49.8,1,1,3,4,2,4,4,3,1,2,1,1,1,1,1,1,2,1
1,1,12,5,6,60.18,62.24,56.82,1,2,3,3,3,3,3,2,2,1,1,1,1,1,1,2,1,2
NA,NA,10,NA,7,61.32,61.85,59.36,1,NA,NA,NA,NA,NA,NA,NA,NA,NA,NA,NA,NA,NA,NA,NA,NA,NA
2,1,13,NA,7,67.9,66.85,66.68,1,2,3,4,3,3,3,3,3,2,1,1,1,1,1,1,2,1
1,1,11,NA,6,65.01,62.42,65.7,1,2,4,4,3,4,4,2,2,2,1,1,1,1,1,1,2,1
2,1,9,5,5,55.99,57.48,53.74,1,2,3,4,3,3,3,2,2,1,1,1,1,1,1,1,2,2
2,1,13,6,7,52.91,55.9,49.55,1,2,3,3,3,3,4,3,2,1,1,1,1,1,1,1,2,1
2,1,8,5,5,52.32,55.78,48.57,NA,2,3,3,3,3,3,3,3,1,1,1,1,1,1,1,1,1
NA,NA,11,NA,6,57.14,57.49,55.89,1,NA,NA,NA,NA,NA,NA,NA,NA,NA,NA,NA,NA,NA,NA,NA,NA,NA
1,1,9,5,6,61.4,61.82,59.53,1,2,4,3,2,4,3,2,2,1,1,1,1,1,1,1,1,1
1,1,12,6,6,59.67,58.83,59.29,1,2,3,3,3,3,3,2,2,1,1,1,1,2,1,1,1,1
1,1,10,5,5,41.06,39.01,44.25,3,2,2,3,3,4,2,3,2,1,3,1,1,1,1,1,2,1
1,1,12,5,6,50.26,48.11,52.39,1,2,3,4,3,4,3,2,2,1,3,1,1,1,1,1,2,1
2,1,11,6,6,53.38,55.06,51.28,1,2,3,4,1,4,4,3,2,2,1,1,1,1,1,2,3,2
1,1,10,5,5,48.15,47.23,49.31,1,2,3,3,1,4,4,2,2,2,1,1,2,1,1,1,2,1
2,1,12,7,6,66.96,60.9,70.87,1,2,3,4,4,4,4,2,2,1,1,1,1,1,1,1,1,1
1,1,11,6,5,59.41,59.82,57.81,1,2,4,4,4,3,4,2,2,1,1,1,1,1,1,1,2,1
NA,NA,8,NA,6,56.83,59.43,53.36,1,NA,NA,NA,NA,NA,NA,NA,NA,NA,NA,NA,NA,NA,NA,NA,NA,NA
1,1,10,6,6,72.34,75.16,66.68,1,2,3,4,2,4,4,2,3,2,1,1,1,1,1,1,1,1
1,1,10,NA,5,72.71,74.5,68.04,1,2,3,4,3,4,3,2,NA,1,2,1,1,1,2,2,1,1
1,1,13,7,7,71.56,69.14,71.24,1,2,3,4,3,4,4,4,3,2,1,1,1,1,3,2,1,1
2,1,11,7,6,66.79,67.1,64.34,1,2,3,4,2,3,4,2,2,2,1,1,1,1,1,1,4,1
1,1,12,7,7,56.33,56.52,55.34,1,2,3,3,4,4,3,4,2,3,1,1,1,1,3,2,3,1
2,1,8,6,5,61.52,56.98,64.59,1,2,3,4,3,4,4,2,2,1,1,1,1,1,1,1,1,1
2,1,9,7,7,66.92,63.65,68.04,1,2,3,3,3,4,3,3,3,1,1,1,1,1,1,1,1,3
1,1,10,3,5,47.37,43.67,51.4,1,2,3,3,3,3,3,2,2,1,1,1,1,2,2,1,3,1
2,1,12,6,6,56.75,50.16,62.49,1,2,3,4,3,3,3,2,2,2,1,1,1,1,1,1,3,1
1,1,10,7,7,48.72,48.92,48.69,1,2,3,4,2,2,2,2,2,2,1,1,2,1,1,1,1,1
2,1,10,6,5,62.66,52.97,70.75,1,2,4,4,3,3,3,2,3,1,1,1,1,1,1,1,1,1
2,1,6,5,5,44.18,45.34,43.76,1,NA,NA,NA,NA,NA,NA,NA,NA,NA,NA,NA,NA,NA,NA,NA,NA,NA
1,1,5,6,6,53.59,55.45,51.28,1,1,4,4,4,4,4,2,2,1,1,1,1,1,1,1,1,1
1,1,10,6,6,60.34,56.99,62.37,1,2,3,4,2,4,3,2,3,1,1,1,1,1,1,1,2,1
1,1,9,5,5,41.42,44,39.94,6,2,4,4,3,4,2,2,2,1,1,2,1,1,1,2,1,1
1,1,11,6,6,62.49,59.92,63.48,1,2,3,3,3,3,3,2,2,2,1,2,1,1,1,1,2,1
1,1,10,7,7,57.62,56.22,58.06,1,2,2,3,3,4,3,2,1,1,1,1,1,1,1,2,1,1
2,1,11,NA,7,67.98,68.84,64.83,1,1,4,4,3,3,4,3,3,2,1,1,1,1,1,1,2,1
1,1,11,5,5,45.36,42.37,48.94,1,2,4,4,4,4,4,1,2,1,1,1,1,1,1,1,2,1
1,1,11,5,5,45.98,45.64,46.84,1,NA,NA,NA,NA,NA,NA,NA,NA,NA,NA,NA,NA,NA,NA,NA,NA,NA
2,1,10,6,7,57.07,60.61,52.63,1,NA,NA,NA,NA,NA,NA,NA,NA,NA,NA,NA,NA,NA,NA,NA,NA,NA
1,1,8,5,6,55.76,56.18,54.61,1,NA,NA,NA,NA,NA,NA,NA,NA,NA,NA,NA,NA,NA,NA,NA,NA,NA
2,1,4,5,7,37.39,33.36,43.02,4,3,3,2,2,3,4,3,2,1,1,1,1,1,1,1,3,1
2,1,11,6,7,50.34,51.59,49.06,3,2,2,4,4,4,2,2,1,1,1,3,1,2,2,1,1,1
2,0,8,5,5,50.66,50.95,50.29,3,2,3,3,2,4,3,2,3,2,1,1,1,NA,1,1,2,1
1,1,10,5,5,58.99,58.66,58.18,3,2,4,4,3,3,3,3,3,2,1,1,1,1,2,1,1,1
2,1,12,6,5,71.34,71.81,68.16,1,2,3,4,2,3,4,3,2,1,1,1,1,1,1,1,4,1
2,1,7,5,5,45.26,44.28,46.84,1,2,3,4,3,4,3,2,2,2,1,2,1,2,2,2,2,2
2,1,8,5,5,50.75,50.37,51.03,1,2,4,4,3,3,4,2,2,2,1,1,1,1,1,1,2,1
1,1,10,6,6,57.64,54.17,60.15,1,2,3,3,3,NA,3,3,2,2,1,NA,2,2,1,2,2,NA
1,1,13,6,5,76.8,77.84,72.35,1,2,4,4,3,4,4,2,1,1,1,1,1,1,1,1,1,1
1,1,10,7,7,72.01,70.35,70.87,1,1,4,4,4,4,4,2,2,2,1,1,1,1,1,1,1,1
1,1,13,3,5,55.57,55.46,54.97,1,2,4,4,3,4,4,2,2,1,2,1,1,1,1,1,1,2
1,1,9,6,6,67.61,62.85,70.13,1,2,3,3,4,3,2,2,3,1,3,3,3,3,2,1,2,1
1,1,13,6,6,74.53,72.12,73.83,1,3,3,4,3,3,4,1,3,2,1,2,2,2,1,1,1,1
1,1,11,NA,6,49.13,45.5,52.88,1,2,3,3,4,4,3,4,1,2,1,2,2,1,2,1,4,3
1,1,10,5,6,50.38,50.3,50.42,7,3,4,4,4,4,4,2,2,2,1,1,1,2,1,1,2,1
1,1,7,7,6,57.47,58.77,55.22,1,2,2,3,2,3,4,3,2,3,2,2,2,3,2,3,1,1
2,1,13,6,5,51.09,46.2,55.84,1,2,3,3,2,3,3,2,2,1,2,2,1,1,1,2,3,1
2,1,12,5,7,51.87,45.95,57.56,1,2,3,3,1,3,3,2,2,2,1,2,1,1,1,1,4,2
1,1,13,7,7,72.86,75.15,67.67,1,1,4,4,3,4,4,4,3,2,1,1,1,1,1,1,2,1
1,1,10,7,5,53.57,58.37,48.32,1,3,3,3,4,4,3,3,3,2,1,2,1,3,3,2,2,3
1,1,10,5,5,59.08,58.94,58.06,1,2,3,3,3,4,3,2,3,1,1,1,1,1,1,2,3,1
2,1,11,5,6,40.16,44.6,36.98,1,3,2,1,3,4,4,4,3,1,1,1,1,1,1,1,3,2
2,1,11,5,5,42.08,41.91,43.27,1,2,3,3,3,4,4,2,3,1,1,1,1,1,1,1,2,1
1,1,12,7,5,58.85,57.17,59.41,1,2,3,3,1,NA,4,2,2,2,1,1,1,NA,1,1,1,1
1,1,10,6,6,43.92,57.43,31.19,2,2,3,4,3,2,4,3,2,2,3,1,1,3,2,3,3,2
1,1,8,5,5,44.94,45.78,44.75,2,3,2,4,3,4,4,3,2,2,1,1,1,1,1,1,2,1
NA,NA,9,NA,6,48.12,46.72,49.77,2,NA,NA,NA,NA,NA,NA,NA,NA,NA,NA,NA,NA,NA,NA,NA,NA,NA
1,1,12,7,5,45.08,54.42,36.37,1,2,4,2,1,3,3,3,1,2,1,1,1,1,2,1,2,1
1,1,10,5,6,70.64,67.78,70.87,1,1,3,4,4,4,3,3,2,1,3,1,1,3,1,2,4,2
2,1,12,6,6,60.46,59.2,60.4,1,2,3,3,2,4,4,2,2,2,1,1,1,1,1,1,1,1
2,1,13,5,7,46.31,43.92,49.18,1,2,3,3,3,3,3,3,2,1,1,1,1,1,1,1,2,2
2,1,9,6,7,65.57,62.85,66.31,1,2,3,4,3,4,4,2,2,1,1,1,1,1,1,1,2,1
2,1,13,6,6,58.98,52.12,64.71,1,2,2,3,3,4,4,4,2,1,2,1,1,1,1,2,2,2
2,1,11,6,5,54.54,53.9,54.61,3,2,2,4,3,4,4,1,2,1,1,1,1,1,1,1,5,2
1,1,12,5,6,61.5,55.6,65.94,1,2,3,3,2,3,2,3,3,2,1,2,1,3,1,1,2,1
NA,NA,9,NA,6,57.4,58.58,55.28,1,NA,NA,NA,NA,NA,NA,NA,NA,NA,NA,NA,NA,NA,NA,NA,NA,NA
2,1,12,6,6,54.98,50.29,59.04,1,1,3,3,3,3,3,2,4,1,1,2,1,NA,2,2,2,2
2,1,11,6,7,59.16,59.71,57.44,6,2,4,4,3,4,4,2,2,1,1,1,1,1,1,1,3,1
1,1,11,5,7,58.18,59.98,55.34,1,3,4,4,2,3,3,2,2,2,2,1,1,1,1,1,3,1
1,1,12,6,6,52.15,52.14,51.89,1,2,4,4,3,4,4,2,2,2,1,1,1,2,2,2,2,1
2,1,12,6,7,55.95,52.36,58.79,1,2,3,2,3,2,3,2,3,2,1,1,1,1,1,1,3,3
2,1,11,7,5,46.37,46,47.21,1,2,4,4,3,4,4,3,2,1,1,1,1,1,1,1,2,1
1,1,11,5,5,42.87,47.08,39.57,1,2,3,3,1,4,4,2,4,1,2,1,1,1,2,3,1,2
1,1,12,6,6,48.8,48.57,49.18,1,3,3,3,3,3,3,4,1,1,1,1,1,1,1,1,2,1
1,0,8,6,7,51.85,50.1,53.37,1,1,4,4,4,4,4,4,1,1,1,1,1,1,1,1,3,1
1,1,12,7,6,56.58,55,57.32,1,2,3,4,3,4,4,3,1,2,2,1,1,1,1,1,3,1
1,1,11,7,7,49.5,46.93,52.14,1,2,3,3,2,3,3,3,2,1,1,1,1,1,1,1,3,1
2,1,11,5,5,48.37,48.39,48.57,1,2,2,3,NA,3,NA,2,2,2,1,1,1,1,1,1,1,1
2,1,11,7,6,53.83,46.91,60.27,1,2,3,3,2,3,3,2,2,2,1,1,1,1,1,1,2,1
2,1,12,5,7,67.68,57.43,75.68,1,2,3,4,4,4,4,2,3,1,1,1,1,1,1,1,3,2
2,1,9,5,5,62.48,62,61.38,1,2,3,4,4,4,4,2,3,1,1,1,1,1,1,3,5,1
1,1,3,2,7,38.99,39.81,39.57,1,3,3,3,2,3,3,2,3,3,2,2,1,1,1,2,5,2
1,1,10,7,7,68.01,70.75,62.98,1,1,3,4,3,4,4,1,2,1,1,1,1,1,1,2,1,1
2,0,9,6,5,58.48,56.48,59.41,1,2,3,4,3,4,4,3,1,1,1,1,1,1,1,1,2,1
2,0,12,7,6,45.64,46.72,45.12,1,2,2,3,2,3,3,NA,2,2,1,1,1,2,2,1,4,2
2,1,10,5,7,56.34,63.68,48.2,1,2,3,4,3,4,3,3,2,1,1,1,1,1,1,1,2,1
2,1,5,5,5,54,50.42,57.07,1,2,3,4,2,3,4,2,2,1,1,1,1,1,1,1,2,1
1,1,13,6,6,55.49,56.55,53.74,1,2,2,3,2,4,4,2,2,2,1,1,1,1,1,1,2,1
1,0,12,7,7,58.98,62.58,54.24,1,2,4,4,3,4,4,2,2,2,1,1,1,2,2,1,4,2
1,1,13,6,6,57.93,58.27,56.58,1,1,4,4,3,4,3,2,2,2,1,2,1,1,2,1,3,1
1,1,13,6,6,68.98,67.51,68.04,1,2,3,4,3,4,4,2,2,1,1,2,3,3,2,1,2,1
1,1,12,5,5,49.09,56.76,41.54,1,2,3,4,2,4,4,2,2,1,1,1,1,2,1,1,1,1
1,1,12,6,6,46.82,47.57,46.47,1,1,4,4,4,4,4,1,3,2,1,1,1,1,1,1,5,1
1,1,13,5,5,51.47,60.97,41.79,1,2,4,4,2,3,2,2,3,1,1,1,1,1,1,1,2,1
2,1,11,5,4,43.21,44.15,43.14,1,2,4,4,3,3,4,2,1,NA,NA,NA,NA,NA,NA,NA,NA,NA
2,1,12,NA,5,49.27,53.64,44.99,1,2,3,4,4,4,4,3,4,1,3,1,1,1,1,1,2,1
2,1,12,7,6,60,58.09,60.64,1,1,3,4,1,4,4,2,3,1,1,1,1,1,1,3,3,1
1,1,11,NA,6,70.08,70.81,66.8,1,2,4,4,3,4,4,2,2,2,1,1,2,2,1,2,2,1
2,1,12,7,7,64.32,56.7,70.13,1,2,4,4,2,4,4,1,2,1,1,1,1,1,1,1,3,1
1,1,10,5,5,33.97,36.45,33.53,7,4,2,3,1,1,4,3,4,3,1,1,1,1,1,1,2,1
2,1,2,5,7,32.75,29.48,38.22,7,2,4,4,3,4,4,3,3,1,3,2,2,2,1,2,1,2
2,1,11,5,7,52.69,49.94,55.1,5,2,3,3,3,3,3,3,3,2,2,1,1,2,2,1,4,3
1,1,9,6,5,53.39,56.3,50.05,5,2,4,4,3,4,4,3,3,2,1,1,3,3,1,1,2,2
NA,NA,9,NA,7,55.51,55.92,54.4,1,NA,NA,NA,NA,NA,NA,NA,NA,NA,NA,NA,NA,NA,NA,NA,NA,NA
2,1,7,6,5,54.89,56.28,52.88,1,2,3,3,1,3,4,2,3,1,1,1,1,1,1,1,1,1
2,1,11,5,5,60.58,58.31,61.51,1,2,3,3,3,3,2,2,3,2,1,1,1,1,1,1,3,1
1,1,11,5,5,50.34,49.25,51.4,1,2,3,4,2,4,4,2,3,1,1,1,1,1,1,1,1,1
2,1,11,5,6,59.84,59.64,58.79,1,3,3,3,2,3,3,2,3,2,1,1,1,1,2,1,2,1
1,1,10,5,7,50.17,47.33,53,1,3,3,4,4,4,4,3,2,1,1,1,1,2,1,1,5,1
2,1,6,5,6,44.51,43.5,46.23,1,2,3,4,2,4,4,2,1,1,1,1,1,1,1,1,1,1
2,1,10,7,6,57.85,58.74,55.96,1,2,3,4,3,4,4,2,2,2,1,1,1,1,1,1,3,1
2,1,13,6,5,57.38,58.35,55.47,1,2,3,4,3,4,4,1,2,1,1,1,1,1,1,1,2,1
1,1,12,7,5,65,64.87,63.23,2,2,2,3,2,3,4,4,2,1,1,2,1,3,2,2,2,1
1,1,11,5,5,57.73,56.42,58.06,2,2,3,3,3,3,3,4,4,2,1,1,1,2,1,2,4,1
2,1,9,5,4,40.76,39.19,43.51,1,2,4,4,NA,4,4,2,NA,2,1,1,1,1,1,1,3,1
1,1,9,5,5,66.49,60.27,70.62,1,2,3,4,3,4,4,3,1,1,1,1,1,1,1,1,1,1
2,1,10,7,6,68.47,69.52,65.08,1,1,4,4,3,4,4,2,2,1,1,1,1,1,1,1,2,1
2,1,8,7,7,65.37,65.68,63.11,1,2,3,4,3,4,4,2,4,1,3,3,1,1,1,3,2,1
1,1,12,6,6,66.88,67.53,64.09,1,2,3,4,4,4,4,2,1,1,1,2,1,3,1,3,1,1
1,1,13,7,7,67.32,68.72,63.72,1,2,3,4,4,4,4,2,1,1,1,1,1,1,1,1,2,1
1,1,13,6,7,61.62,62.73,59.04,1,1,3,4,1,4,4,1,2,1,1,2,1,1,1,2,1,1
1,1,13,6,6,59.45,57.43,60.27,1,2,3,3,3,4,4,2,3,1,1,1,1,1,1,1,1,1
1,1,12,6,6,64.66,68.9,58.55,1,NA,NA,NA,NA,NA,NA,NA,NA,NA,NA,NA,NA,NA,NA,NA,NA,NA
2,1,7,7,5,44.64,54.46,35.5,1,2,4,3,2,4,4,2,3,3,2,1,1,1,1,1,2,2
1,1,13,7,7,74.01,78.65,66.31,1,2,3,4,3,4,4,2,2,1,1,1,1,1,1,1,3,2
1,1,13,7,7,56.57,56.83,55.47,1,2,4,4,4,4,4,2,1,2,1,1,1,1,1,1,2,1
1,1,12,5,6,61.17,58.32,62.61,1,2,4,4,3,4,4,2,2,2,1,1,1,1,1,1,2,1
2,1,12,6,6,54.23,52.71,55.22,1,2,3,4,2,4,3,2,2,1,1,1,1,1,1,2,3,1
1,1,9,5,5,48.98,51.25,46.84,1,2,3,3,4,3,3,4,4,2,1,1,1,1,1,1,1,1
1,1,12,6,5,53.39,55.7,50.66,1,2,3,3,3,3,3,3,3,2,2,1,1,1,2,1,2,1
2,0,5,4,3,35.83,37.47,36,1,NA,NA,NA,NA,NA,NA,NA,NA,1,1,1,1,1,1,1,5,4
1,1,12,5,7,61.71,64.86,57.07,1,2,3,3,3,3,3,3,2,1,NA,1,1,1,1,1,5,3
2,1,11,5,6,47.62,49.08,46.47,1,3,2,3,3,1,1,4,1,3,1,1,2,1,1,1,3,1
1,1,12,6,6,51.38,55.01,47.58,1,3,4,4,4,4,4,4,3,1,1,1,1,1,1,1,5,1
1,1,10,5,5,54.15,56.38,51.4,1,2,3,3,2,4,4,2,1,1,1,1,1,1,1,2,1,1
2,1,11,5,5,34.34,34.8,35.87,2,1,3,3,3,3,3,1,1,1,1,1,1,1,1,1,1,1
2,1,5,5,5,49.89,48.76,51.03,1,2,3,4,3,4,4,3,4,2,1,1,1,1,2,1,5,3
2,1,9,5,5,48.57,47.89,49.43,1,3,2,3,2,4,4,4,4,2,1,3,1,2,1,3,4,1
1,1,12,5,7,71.95,80.59,60.52,1,2,3,3,3,3,3,3,3,1,1,1,1,1,1,1,2,1
1,1,12,5,5,50.04,54.47,45.61,1,2,1,2,1,3,4,4,3,2,3,3,3,2,3,3,3,2
NA,NA,13,NA,5,44.8,43.09,47.19,1,NA,NA,NA,NA,NA,NA,NA,NA,NA,NA,NA,NA,NA,NA,NA,NA,NA
1,1,12,7,6,55.47,52.32,57.93,1,2,3,4,2,4,4,4,2,2,1,2,1,1,1,1,3,1
2,1,9,7,7,64.41,61.55,65.45,1,3,3,4,4,4,4,3,2,2,1,1,1,3,2,1,2,1
2,1,11,6,5,61.34,59.36,61.88,1,2,3,4,2,4,4,2,3,1,1,1,1,1,1,1,1,1
NA,NA,10,NA,6,56.79,58.95,53.77,1,NA,NA,NA,NA,NA,NA,NA,NA,NA,NA,NA,NA,NA,NA,NA,NA,NA
1,0,8,5,6,56.78,58.96,53.74,1,2,3,4,3,3,4,2,2,1,1,1,1,1,1,1,3,1
2,1,13,7,5,52.16,45.13,58.92,1,2,2,2,2,2,2,2,2,2,1,1,1,1,1,1,3,1
2,0,8,7,6,41.99,41.73,43.27,1,2,2,4,2,4,3,3,2,2,1,2,1,1,1,1,3,2
1,1,6,7,7,53.23,60.45,45.61,1,1,4,4,2,4,4,2,2,1,1,1,1,1,1,1,2,1
2,0,4,5,5,59.5,56.65,61.14,1,1,4,4,3,4,4,2,2,2,1,1,1,1,1,1,2,1
2,1,9,NA,5,64.26,60.89,65.82,1,2,4,4,3,4,4,2,3,1,1,1,1,1,1,1,3,1
2,1,11,6,7,43.48,46.37,41.42,1,1,3,3,2,4,4,2,1,1,1,1,1,1,1,1,3,NA
NA,NA,9,NA,7,55.97,54.35,56.84,1,NA,NA,NA,NA,NA,NA,NA,NA,NA,NA,NA,NA,NA,NA,NA,NA,NA
2,1,12,6,6,63.57,61.82,63.6,1,2,3,4,3,4,3,2,4,3,1,1,1,1,1,2,2,2
1,1,12,6,7,58.95,59.95,56.82,1,2,3,3,1,2,2,4,1,2,2,3,1,2,1,2,2,1
1,0,10,6,6,49.1,45.69,52.63,1,3,3,4,3,3,4,3,2,2,1,1,1,1,1,1,5,1
1,1,11,5,5,62.72,68.23,55.59,1,3,3,4,4,4,4,3,1,2,1,1,1,1,1,1,2,2
1,1,9,5,7,58.69,60.56,55.71,1,2,3,3,2,3,3,2,2,2,1,2,1,2,1,2,1,1
1,1,9,NA,3,45.49,47.42,44.13,1,2,2,4,2,4,2,3,2,1,2,3,1,2,1,2,1,1
2,1,8,5,5,47.54,44.97,50.42,7,2,3,4,2,4,3,3,2,3,1,2,1,1,2,1,1,1
1,1,9,5,6,59.56,63.06,54.85,7,3,3,3,2,3,3,2,2,3,1,3,2,2,2,2,3,1
1,1,12,5,6,55.54,59.84,50.54,1,2,3,3,3,3,4,3,2,2,1,2,1,2,1,2,2,1
1,1,10,NA,5,62.77,71.53,52.39,1,2,3,3,3,3,3,2,3,1,1,2,1,1,1,1,1,1
1,1,9,4,5,48.89,54.54,43.39,2,2,2,4,2,4,3,3,2,2,1,1,2,1,2,1,3,1
1,1,10,7,6,73.4,73.21,70.62,1,2,4,4,3,4,4,3,1,2,1,1,1,1,1,1,3,1
1,1,10,5,7,62.27,63.82,59.16,1,2,3,3,3,4,4,2,2,1,1,1,1,1,1,1,2,1
1,1,9,5,5,50.93,50.47,51.28,1,3,4,4,4,4,4,2,2,1,1,1,1,1,1,1,3,NA
1,0,13,7,2,54.8,60.67,48.32,1,4,3,3,1,3,3,4,4,2,2,3,1,1,2,1,2,1
1,1,12,5,5,54.1,49.26,58.43,1,2,3,3,1,3,3,2,2,3,2,1,1,1,1,1,1,1
2,1,8,2,5,39.53,37.61,42.78,7,1,4,4,4,4,4,1,4,2,1,1,1,1,1,1,5,2
1,0,8,NA,5,38,39.31,38.22,7,2,3,4,1,4,4,1,2,1,1,1,1,1,1,1,3,1
